[2026-02-18 22:28:31]  Buscando backups duplicados en: /backups
[2026-02-18 22:28:31]  Fuente de ruta: env
[2026-02-18 22:28:31]  Roots permitidos: /backups
[2026-02-18 22:28:31]  Estrategia: Eliminar backup MÁS ANTIGUO (protección inteligente)

[2026-02-18 22:28:31]  Hash desactivado: no se calcularán hashes de archivos (modo rápido)
[2026-02-18 22:28:31]  Modo: Veeam + genérico
[2026-02-18 22:28:31]  PROTEGIDO: Carbonio_temp Backup (no tiene gemelas suficientes)
[2026-02-18 22:28:31]  PROTEGIDO: COS-ALFRESCO DOCKER 7.2 Backup (no tiene gemelas suficientes)
[2026-02-18 22:28:31]  PROTEGIDO: COS-BIG BLUE BUTTON Backup (no tiene gemelas suficientes)
[2026-02-18 22:28:31]  PROTEGIDO: COS-CVR_CENTRALIZADO Backup (no tiene gemelas suficientes)
[2026-02-18 22:28:31]  PROTEGIDO: COS-CVR_PROXY Backup_1 (no tiene gemelas suficientes)
[2026-02-18 22:28:31]  PROTEGIDO: COS-INFRA-GLPI-New Backup_1 (no tiene gemelas suficientes)
[2026-02-18 22:28:31]  PROTEGIDO: COS-INFRA-OPENFIRE-UBUNTU Backup_1 (no tiene gemelas suficientes)
[2026-02-18 22:28:31]  PROTEGIDO: COS-INFRA-REPORTING-WS2019 Backup_1 (no tiene gemelas suficientes)
[2026-02-18 22:28:31]  PROTEGIDO: COS-INFRA-WINSERVE_2019 Backup_1 (no tiene gemelas suficientes)
[2026-02-18 22:28:31]  PROTEGIDO: COS-INFRA_PRUEBAS_WSVR2019 Backup_1 (no tiene gemelas suficientes)
[2026-02-18 22:28:31]  PROTEGIDO: COS-IT_UBUNTUSERVER Backup (no tiene gemelas suficientes)
[2026-02-18 22:28:31]  PROTEGIDO: COS-SOPORTE-WIN10_22h2 Backup_1 (no tiene gemelas suficientes)
[2026-02-18 22:28:31]  PROTEGIDO: COS-WORKFORCE-PRUEBAS Backup_1 (no tiene gemelas suficientes)
[2026-02-18 22:28:31]  PROTEGIDO: frontcolas Backup (no tiene gemelas suficientes)
[2026-02-18 22:28:31]  PROTEGIDO: JUZGADOS Backup (no tiene gemelas suficientes)
[2026-02-18 22:28:31]  PROTEGIDO: MON-ASTERISK-VOICEBOT-PRODV2 Backup (no tiene gemelas suficientes)
[2026-02-18 22:28:31]  PROTEGIDO: MON-CLOUD-WIN_NOTIFICACIONES Backup_1 (no tiene gemelas suficientes)
[2026-02-18 22:28:31]  PROTEGIDO: MON-CLOUD_EXPRESS_ISOLATED Backup (no tiene gemelas suficientes)
[2026-02-18 22:28:31]  PROTEGIDO: MON-CLUSTER_AUTENTICATION-Nodo2-now Backup (no tiene gemelas suficientes)
[2026-02-18 22:28:31]  PROTEGIDO: MON-CONFIANZA-GMF-PROD Backup_1 (no tiene gemelas suficientes)
[2026-02-18 22:28:31]  PROTEGIDO: MON-DBA-CARTERA-NODO-1-new Backup (no tiene gemelas suficientes)
[2026-02-18 22:28:31]  PROTEGIDO: MON-DBA-CLUSTER-RPA_1 Backup_1 (no tiene gemelas suficientes)
[2026-02-18 22:28:31]  PROTEGIDO: MON-DBA-CRM2_NODO_1 Backup_1 (no tiene gemelas suficientes)
[2026-02-18 22:28:31]  PROTEGIDO: MON-DBA-MYSQL-MIOS1-PROD Backup_1 (no tiene gemelas suficientes)
[2026-02-18 22:28:31]  PROTEGIDO: MON-DBA-VOICEBOT Backup_1 (no tiene gemelas suficientes)
[2026-02-18 22:28:31]  PROTEGIDO: MON-DBA_APPMASTER_NODO1_PROD Backup (no tiene gemelas suficientes)
[2026-02-18 22:28:31]  PROTEGIDO: MON-DBA_POSTGRESQL_PROD Backup_1 (no tiene gemelas suficientes)
[2026-02-18 22:28:31]  PROTEGIDO: MON-DEV-SOULCHAT-PROD Backup (no tiene gemelas suficientes)
[2026-02-18 22:28:31]  PROTEGIDO: MON-DEVOPS_BALANCER_MASTER Backup (no tiene gemelas suficientes)
[2026-02-18 22:28:31]  PROTEGIDO: MON-DEV_APPMASTER_PROJECTS_8.5-PROD Backup (no tiene gemelas suficientes)
[2026-02-18 22:28:31]  PROTEGIDO: MON-DEV_APPMASTER_PROJECTS_8.7-PROD1 Backup (no tiene gemelas suficientes)
[2026-02-18 22:28:31]  PROTEGIDO: MON-DEV_CARTERAS_PROD Backup_1 (no tiene gemelas suficientes)
[2026-02-18 22:28:31]  PROTEGIDO: MON-DEV_CARTERAWOM-PROD Backup_1 (no tiene gemelas suficientes)
[2026-02-18 22:28:31]  PROTEGIDO: MON-DEV_CENTOS_LARAVEL_PROD1 Backup (no tiene gemelas suficientes)
[2026-02-18 22:28:31]  PROTEGIDO: MON-DEV_F5_NGINX_PLUS Backup (no tiene gemelas suficientes)
[2026-02-18 22:28:31]  PROTEGIDO: MON-DEV_KUBE-RECORDS Backup_1 (no tiene gemelas suficientes)
[2026-02-18 22:28:31]  PROTEGIDO: MON-DEV_MIOS_MICROSERVICES_PROD_DOCKERS_NUEVOS Backup_1 (no tiene gemelas suficientes)
[2026-02-18 22:28:31]  PROTEGIDO: MON-DEV_MIOS_MICROSERVICES_PROD_DOCKERS_NUEVOS_PRUEBA Backup (no tiene gemelas suficientes)
[2026-02-18 22:28:31]  PROTEGIDO: MON-DEV_MIOS_MICROSERVICES_QUALITY1 Backup (no tiene gemelas suficientes)
[2026-02-18 22:28:31]  PROTEGIDO: MON-DEV_MIOS_MICROSERVICES_QUALITY_TF Backup (no tiene gemelas suficientes)
[2026-02-18 22:28:31]  PROTEGIDO: MON-DEV_MIOS_VICIDIAL_PROD Backup_1 (no tiene gemelas suficientes)
[2026-02-18 22:28:31]  PROTEGIDO: MON-DEV_PROD_APPMASTER_3-PROD Backup (no tiene gemelas suficientes)
[2026-02-18 22:28:31]  PROTEGIDO: MON-DEV_PROD_APPMASTER_4-prod Backup (no tiene gemelas suficientes)
[2026-02-18 22:28:31]  PROTEGIDO: MON-DEV_RP_WEB_SERVICES-PROD Backup_1 (no tiene gemelas suficientes)
[2026-02-18 22:28:31]  PROTEGIDO: MON-DEV_RRHH-PROD Backup (no tiene gemelas suficientes)
[2026-02-18 22:28:31]  PROTEGIDO: MON-DEV_VICIDIAL_MARCADOR2 Backup_1 (no tiene gemelas suficientes)
[2026-02-18 22:28:31]  PROTEGIDO: MON-DEV_VICIDIAL_MASTER Backup_1 (no tiene gemelas suficientes)
[2026-02-18 22:28:31]  PROTEGIDO: MON-DEV_VICIDIAL_NODO3 Backup_1 (no tiene gemelas suficientes)
[2026-02-18 22:28:31]  PROTEGIDO: MON-DEV_VICIDIAL_WEB-RTC Backup_1 (no tiene gemelas suficientes)
[2026-02-18 22:28:31]  PROTEGIDO: MON-DEV_VivamosHumanosWP Backup_1 (no tiene gemelas suficientes)
[2026-02-18 22:28:32]  PROTEGIDO: MON-DEV_WIN10_CORREO_SBS Backup_1 (no tiene gemelas suficientes)
[2026-02-18 22:28:32]  PROTEGIDO: MON-DEV_WIN10_NEW_SBS_INBOUND Backup_1 (no tiene gemelas suficientes)
[2026-02-18 22:28:32]  PROTEGIDO: MON-DEV_WIN10_RECOVER_TOP_ETB Backup_1 (no tiene gemelas suficientes)
[2026-02-18 22:28:32]  PROTEGIDO: MON-DEV_WINDOWS_CRM_EXPRESS Backup (no tiene gemelas suficientes)
[2026-02-18 22:28:32]  PROTEGIDO: MON-GLPI-PROD Backup_1 (no tiene gemelas suficientes)
[2026-02-18 22:28:32]  PROTEGIDO: MON-GLPI_CONTACTO-PROD Backup_1 (no tiene gemelas suficientes)
[2026-02-18 22:28:32]  PROTEGIDO: MON-JITSI-PROD Backup_1 (no tiene gemelas suficientes)
[2026-02-18 22:28:32]  PROTEGIDO: MON-MICROSERVICES-DOCKERS-QA Backup (no tiene gemelas suficientes)
[2026-02-18 22:28:32]  PROTEGIDO: MON-MIOS1_PROD Backup_1 (no tiene gemelas suficientes)
[2026-02-18 22:28:32]  PROTEGIDO: MON-MYSQL-QA Backup (no tiene gemelas suficientes)
[2026-02-18 22:28:32]  PROTEGIDO: MON-OMNICHANNEL_CENTOS_DASHBOTS_87-PROD Backup_1 (no tiene gemelas suficientes)
[2026-02-18 22:28:32]  PROTEGIDO: MON-QA-TESTLINK Backup (no tiene gemelas suficientes)
[2026-02-18 22:28:32]  PROTEGIDO: MON-RPA-CLAROVENTAS-PROD-1 Backup (no tiene gemelas suficientes)
[2026-02-18 22:28:32]  PROTEGIDO: MON-RPA-CLAROVENTAS-PROD-2 Backup (no tiene gemelas suficientes)
[2026-02-18 22:28:32]  PROTEGIDO: MON-SMART-CONFIANZA-QA Backup (no tiene gemelas suficientes)
[2026-02-18 22:28:32]  PROTEGIDO: MON-SMART-GM-PROD Backup_1 (no tiene gemelas suficientes)
[2026-02-18 22:28:32]  PROTEGIDO: MON-SMART-GW2-GMF-PROD Backup_1 (no tiene gemelas suficientes)
[2026-02-18 22:28:32]  PROTEGIDO: MON-SMART-GW3-CONFIANZA-PROD Backup_1 (no tiene gemelas suficientes)
[2026-02-18 22:28:32]  PROTEGIDO: MON-SMART-GWGMF-QA Backup (no tiene gemelas suficientes)
[2026-02-18 22:28:32]  PROTEGIDO: MON-SMART-GWSBS-QA Backup (no tiene gemelas suficientes)
[2026-02-18 22:28:32]  PROTEGIDO: MON-SMART-QA Backup (no tiene gemelas suficientes)
[2026-02-18 22:28:32]  PROTEGIDO: MON-SMART_CONFIANZA-PROD_TF Backup (no tiene gemelas suficientes)
[2026-02-18 22:28:32]  PROTEGIDO: MONT-AUTO-GOPASS Backup (no tiene gemelas suficientes)
[2026-02-18 22:28:32]  PROTEGIDO: MONT-AZDEVOPS_NODO1 Backup (no tiene gemelas suficientes)
[2026-02-18 22:28:32]  PROTEGIDO: MONT-AZDEVOPS_NODO3 Backup (no tiene gemelas suficientes)
[2026-02-18 22:28:32]  PROTEGIDO: MONT-CLOUD-DEMO Backup (no tiene gemelas suficientes)
[2026-02-18 22:28:32]  PROTEGIDO: MONT-CLOUD-ETBSOUL Backup (no tiene gemelas suficientes)
[2026-02-18 22:28:32]  PROTEGIDO: MONT-CLOUD-OMNICANALIDAD Backup (no tiene gemelas suficientes)
[2026-02-18 22:28:32]  PROTEGIDO: MONT-CLOUD-PROXY-PUBLICOS INTERNO Backup (no tiene gemelas suficientes)
[2026-02-18 22:28:32]  PROTEGIDO: MONT-CLOUD_K8S_CORE Backup (no tiene gemelas suficientes)
[2026-02-18 22:28:32]  PROTEGIDO: MONT-CLOUD_K8S_CORE_LEGACYNODE Backup (no tiene gemelas suficientes)
[2026-02-18 22:28:32]  PROTEGIDO: MONT-CLOUD_K8S_CORE_LEGACYNODE2 Backup (no tiene gemelas suficientes)
[2026-02-18 22:28:32]  PROTEGIDO: MONT-K8S-SOULAPPS_QA Backup (no tiene gemelas suficientes)
[2026-02-18 22:28:32]  PROTEGIDO: MONT-K8S-TEST2 Backup (no tiene gemelas suficientes)
[2026-02-18 22:28:32]  PROTEGIDO: MONT-PROXY-IFX Backup (no tiene gemelas suficientes)
[2026-02-18 22:28:32]  PROTEGIDO: MONT-SBS_OFFICIAL-PROD Backup (no tiene gemelas suficientes)
[2026-02-18 22:28:32]  PROTEGIDO: MONT-SOUL-PROD_NEW Backup (no tiene gemelas suficientes)
[2026-02-18 22:28:32]  PROTEGIDO: OCS_INVENTORY_V2 Backup (no tiene gemelas suficientes)
[2026-02-18 22:28:32]  PROTEGIDO: PRUEBAS SONARQUBE DANIELA Backup (no tiene gemelas suficientes)
[2026-02-18 22:28:32]  PROTEGIDO: Semilla Basica Backup (no tiene gemelas suficientes)
[2026-02-18 22:28:32]  PROTEGIDO: windows 10 mintic Backup (no tiene gemelas suficientes)
[2026-02-18 22:28:32]  PROTEGIDO: WORDPRESS_NGINX_MICROSITES Backup (no tiene gemelas suficientes)
[2026-02-18 22:28:32] 
 Se encontraron 3 par(es) de carpetas duplicadas

[2026-02-18 22:28:32]   • MON-SMART-GW1-SBS-PROD Backup → ELIMINAR
[2026-02-18 22:28:32]     ↳ Conservar: MON-SMART-GW1-SBS-PROD Backup_1
[2026-02-18 22:28:32]     ↳ Tamaño: 52.11 GB
[2026-02-18 22:28:32] 
[2026-02-18 22:28:32]   • MONT-AZDEVOPS_NODO2 Backup → ELIMINAR
[2026-02-18 22:28:32]     ↳ Conservar: MONT-AZDEVOPS_NODO2 Backup_1
[2026-02-18 22:28:32]     ↳ Tamaño: 60.34 GB
[2026-02-18 22:28:32] 
[2026-02-18 22:28:32]   • MON_DEV_PROD_PRE-EXPRESS-PROD Backup → ELIMINAR
[2026-02-18 22:28:32]     ↳ Conservar: MON_DEV_PROD_PRE-EXPRESS-PROD Backup_1
[2026-02-18 22:28:32]     ↳ Tamaño: 329.59 GB
[2026-02-18 22:28:32] 
[2026-02-18 22:28:32] 
================================================================================
[2026-02-18 22:28:32] MODO: ELIMINACIÓN REAL
[2026-02-18 22:28:32] ================================================================================

[2026-02-18 22:28:32] 
────────────────────────────────────────────────────────────────────────────────
[2026-02-18 22:28:32] [1/3] Job: MON-SMART-GW1-SBS-PROD
[2026-02-18 22:28:32] ────────────────────────────────────────────────────────────────────────────────
[2026-02-18 22:28:32]   ELIMINAR:  MON-SMART-GW1-SBS-PROD Backup
[2026-02-18 22:28:32]   CONSERVAR: MON-SMART-GW1-SBS-PROD Backup_1
[2026-02-18 22:28:32]   Fecha a eliminar:  2025-11-16 07:29:59
[2026-02-18 22:28:32]   Fecha a conservar: 2026-02-18 03:34:20
[2026-02-18 22:28:32]   Tamaño a liberar: 52.11 GB
[2026-02-18 22:28:32]   Patrón detectado: Veeam
[2026-02-18 22:28:32]   Estado: MULTI
[2026-02-18 22:28:32]   Error al eliminar: [Errno 13] Permission denied: 'MON-SMART-GW1-SBS-PROD Backup.vbm'
[2026-02-18 22:28:32] 
────────────────────────────────────────────────────────────────────────────────
[2026-02-18 22:28:32] [2/3] Job: MONT-AZDEVOPS_NODO2
[2026-02-18 22:28:32] ────────────────────────────────────────────────────────────────────────────────
[2026-02-18 22:28:32]   ELIMINAR:  MONT-AZDEVOPS_NODO2 Backup
[2026-02-18 22:28:32]   CONSERVAR: MONT-AZDEVOPS_NODO2 Backup_1
[2026-02-18 22:28:32]   Fecha a eliminar:  2025-12-12 11:00:16
[2026-02-18 22:28:32]   Fecha a conservar: 2026-02-18 03:14:38
[2026-02-18 22:28:32]   Tamaño a liberar: 60.34 GB
[2026-02-18 22:28:32]   Patrón detectado: Veeam
[2026-02-18 22:28:32]   Estado: MULTI
[2026-02-18 22:28:32]   Error al eliminar: [Errno 13] Permission denied: 'MONT-AZDEVOPS_NODO2 Backup.vbm'
[2026-02-18 22:28:32] 
────────────────────────────────────────────────────────────────────────────────
[2026-02-18 22:28:32] [3/3] Job: MON_DEV_PROD_PRE-EXPRESS-PROD
[2026-02-18 22:28:32] ────────────────────────────────────────────────────────────────────────────────
[2026-02-18 22:28:32]   ELIMINAR:  MON_DEV_PROD_PRE-EXPRESS-PROD Backup
[2026-02-18 22:28:32]   CONSERVAR: MON_DEV_PROD_PRE-EXPRESS-PROD Backup_1
[2026-02-18 22:28:32]   Fecha a eliminar:  2025-11-26 11:23:56
[2026-02-18 22:28:32]   Fecha a conservar: 2026-02-18 03:24:23
[2026-02-18 22:28:32]   Tamaño a liberar: 329.59 GB
[2026-02-18 22:28:32]   Patrón detectado: Veeam
[2026-02-18 22:28:32]   Estado: MULTI
[2026-02-18 22:28:32]   Error al eliminar: [Errno 13] Permission denied: 'MON_DEV_PROD_PRE-EXPRESS-PROD Backup.vbm'
[2026-02-18 22:28:32] 
================================================================================
[2026-02-18 22:28:32] RESUMEN DE OPERACIÓN
[2026-02-18 22:28:32] ================================================================================
[2026-02-18 22:28:32]  Carpetas eliminadas: 0
[2026-02-18 22:28:32]  Errores: 3
[2026-02-18 22:28:32]  Espacio total liberado: 0.00 B
[2026-02-18 22:28:32] ================================================================================

[2026-02-18 22:28:32] Log completo guardado en: /app/logs/veeam_cleanup.log
[2026-02-18 22:28:32] 
 Se completó con 3 error(es)
[2026-02-19 14:45:47]  Buscando backups duplicados en: /backups
[2026-02-19 14:45:47]  Fuente de ruta: cli
[2026-02-19 14:45:47]  Roots permitidos: /backups
[2026-02-19 14:45:47]  Estrategia: Eliminar backup MÁS ANTIGUO (protección inteligente)

[2026-02-19 14:45:47]  Modo: Veeam + genérico
[2026-02-19 14:45:47]  PROTEGIDO: Carbonio_temp Backup (no tiene gemelas suficientes)
[2026-02-19 14:45:47]  PROTEGIDO: COS-ALFRESCO DOCKER 7.2 Backup (no tiene gemelas suficientes)
[2026-02-19 14:45:47]  PROTEGIDO: COS-BIG BLUE BUTTON Backup (no tiene gemelas suficientes)
[2026-02-19 14:45:47]  PROTEGIDO: COS-CVR_CENTRALIZADO Backup (no tiene gemelas suficientes)
[2026-02-19 14:45:47]  PROTEGIDO: COS-CVR_PROXY Backup_1 (no tiene gemelas suficientes)
[2026-02-19 14:45:47]  PROTEGIDO: COS-INFRA-GLPI-New Backup_1 (no tiene gemelas suficientes)
[2026-02-19 14:45:47]  PROTEGIDO: COS-INFRA-OPENFIRE-UBUNTU Backup_1 (no tiene gemelas suficientes)
[2026-02-19 14:45:47]  PROTEGIDO: COS-INFRA-REPORTING-WS2019 Backup_1 (no tiene gemelas suficientes)
[2026-02-19 14:45:47]  PROTEGIDO: COS-INFRA-WINSERVE_2019 Backup_1 (no tiene gemelas suficientes)
[2026-02-19 14:45:47]  PROTEGIDO: COS-INFRA_PRUEBAS_WSVR2019 Backup_1 (no tiene gemelas suficientes)
[2026-02-19 14:45:47]  PROTEGIDO: COS-IT_UBUNTUSERVER Backup (no tiene gemelas suficientes)
[2026-02-19 14:45:47]  PROTEGIDO: COS-SOPORTE-WIN10_22h2 Backup_1 (no tiene gemelas suficientes)
[2026-02-19 14:45:47]  PROTEGIDO: COS-WORKFORCE-PRUEBAS Backup_1 (no tiene gemelas suficientes)
[2026-02-19 14:45:47]  PROTEGIDO: frontcolas Backup (no tiene gemelas suficientes)
[2026-02-19 14:45:47]  PROTEGIDO: JUZGADOS Backup (no tiene gemelas suficientes)
[2026-02-19 14:45:47]  PROTEGIDO: MON-ASTERISK-VOICEBOT-PRODV2 Backup (no tiene gemelas suficientes)
[2026-02-19 14:45:47]  PROTEGIDO: MON-CLOUD-WIN_NOTIFICACIONES Backup_1 (no tiene gemelas suficientes)
[2026-02-19 14:45:47]  PROTEGIDO: MON-CLOUD_EXPRESS_ISOLATED Backup (no tiene gemelas suficientes)
[2026-02-19 14:45:47]  PROTEGIDO: MON-CLUSTER_AUTENTICATION-Nodo2-now Backup (no tiene gemelas suficientes)
[2026-02-19 14:45:47]  PROTEGIDO: MON-CONFIANZA-GMF-PROD Backup_1 (no tiene gemelas suficientes)
[2026-02-19 14:45:47]  PROTEGIDO: MON-DBA-CARTERA-NODO-1-new Backup (no tiene gemelas suficientes)
[2026-02-19 14:45:47]  PROTEGIDO: MON-DBA-CLUSTER-RPA_1 Backup_1 (no tiene gemelas suficientes)
[2026-02-19 14:45:47]  PROTEGIDO: MON-DBA-CRM2_NODO_1 Backup_1 (no tiene gemelas suficientes)
[2026-02-19 14:45:47]  PROTEGIDO: MON-DBA-MYSQL-MIOS1-PROD Backup_1 (no tiene gemelas suficientes)
[2026-02-19 14:45:47]  PROTEGIDO: MON-DBA-VOICEBOT Backup_1 (no tiene gemelas suficientes)
[2026-02-19 14:45:47]  PROTEGIDO: MON-DBA_APPMASTER_NODO1_PROD Backup (no tiene gemelas suficientes)
[2026-02-19 14:45:47]  PROTEGIDO: MON-DBA_POSTGRESQL_PROD Backup_1 (no tiene gemelas suficientes)
[2026-02-19 14:45:47]  PROTEGIDO: MON-DEV-SOULCHAT-PROD Backup (no tiene gemelas suficientes)
[2026-02-19 14:45:47]  PROTEGIDO: MON-DEVOPS_BALANCER_MASTER Backup (no tiene gemelas suficientes)
[2026-02-19 14:45:47]  PROTEGIDO: MON-DEV_APPMASTER_PROJECTS_8.5-PROD Backup (no tiene gemelas suficientes)
[2026-02-19 14:45:47]  PROTEGIDO: MON-DEV_APPMASTER_PROJECTS_8.7-PROD1 Backup (no tiene gemelas suficientes)
[2026-02-19 14:45:47]  PROTEGIDO: MON-DEV_CARTERAS_PROD Backup_1 (no tiene gemelas suficientes)
[2026-02-19 14:45:47]  PROTEGIDO: MON-DEV_CARTERAWOM-PROD Backup_1 (no tiene gemelas suficientes)
[2026-02-19 14:45:47]  PROTEGIDO: MON-DEV_CENTOS_LARAVEL_PROD1 Backup (no tiene gemelas suficientes)
[2026-02-19 14:45:47]  PROTEGIDO: MON-DEV_F5_NGINX_PLUS Backup (no tiene gemelas suficientes)
[2026-02-19 14:45:47]  PROTEGIDO: MON-DEV_KUBE-RECORDS Backup_1 (no tiene gemelas suficientes)
[2026-02-19 14:45:47]  PROTEGIDO: MON-DEV_MIOS_MICROSERVICES_PROD_DOCKERS_NUEVOS Backup_1 (no tiene gemelas suficientes)
[2026-02-19 14:45:47]  PROTEGIDO: MON-DEV_MIOS_MICROSERVICES_PROD_DOCKERS_NUEVOS_PRUEBA Backup (no tiene gemelas suficientes)
[2026-02-19 14:45:47]  PROTEGIDO: MON-DEV_MIOS_MICROSERVICES_QUALITY1 Backup (no tiene gemelas suficientes)
[2026-02-19 14:45:47]  PROTEGIDO: MON-DEV_MIOS_MICROSERVICES_QUALITY_TF Backup (no tiene gemelas suficientes)
[2026-02-19 14:45:47]  PROTEGIDO: MON-DEV_MIOS_VICIDIAL_PROD Backup_1 (no tiene gemelas suficientes)
[2026-02-19 14:45:47]  PROTEGIDO: MON-DEV_PROD_APPMASTER_3-PROD Backup (no tiene gemelas suficientes)
[2026-02-19 14:45:47]  PROTEGIDO: MON-DEV_PROD_APPMASTER_4-prod Backup (no tiene gemelas suficientes)
[2026-02-19 14:45:47]  PROTEGIDO: MON-DEV_RP_WEB_SERVICES-PROD Backup_1 (no tiene gemelas suficientes)
[2026-02-19 14:45:47]  PROTEGIDO: MON-DEV_RRHH-PROD Backup (no tiene gemelas suficientes)
[2026-02-19 14:45:47]  PROTEGIDO: MON-DEV_VICIDIAL_MARCADOR2 Backup_1 (no tiene gemelas suficientes)
[2026-02-19 14:45:47]  PROTEGIDO: MON-DEV_VICIDIAL_MASTER Backup_1 (no tiene gemelas suficientes)
[2026-02-19 14:45:48]  PROTEGIDO: MON-DEV_VICIDIAL_NODO3 Backup_1 (no tiene gemelas suficientes)
[2026-02-19 14:45:48]  PROTEGIDO: MON-DEV_VICIDIAL_WEB-RTC Backup_1 (no tiene gemelas suficientes)
[2026-02-19 14:45:48]  PROTEGIDO: MON-DEV_VivamosHumanosWP Backup_1 (no tiene gemelas suficientes)
[2026-02-19 14:45:48]  PROTEGIDO: MON-DEV_WIN10_CORREO_SBS Backup_1 (no tiene gemelas suficientes)
[2026-02-19 14:45:48]  PROTEGIDO: MON-DEV_WIN10_NEW_SBS_INBOUND Backup_1 (no tiene gemelas suficientes)
[2026-02-19 14:45:48]  PROTEGIDO: MON-DEV_WIN10_RECOVER_TOP_ETB Backup_1 (no tiene gemelas suficientes)
[2026-02-19 14:45:48]  PROTEGIDO: MON-DEV_WINDOWS_CRM_EXPRESS Backup (no tiene gemelas suficientes)
[2026-02-19 14:45:48]  PROTEGIDO: MON-GLPI-PROD Backup_1 (no tiene gemelas suficientes)
[2026-02-19 14:45:48]  PROTEGIDO: MON-GLPI_CONTACTO-PROD Backup_1 (no tiene gemelas suficientes)
[2026-02-19 14:45:48]  PROTEGIDO: MON-JITSI-PROD Backup_1 (no tiene gemelas suficientes)
[2026-02-19 14:45:48]  PROTEGIDO: MON-MICROSERVICES-DOCKERS-QA Backup (no tiene gemelas suficientes)
[2026-02-19 14:45:48]  PROTEGIDO: MON-MIOS1_PROD Backup_1 (no tiene gemelas suficientes)
[2026-02-19 14:45:48]  PROTEGIDO: MON-MYSQL-QA Backup (no tiene gemelas suficientes)
[2026-02-19 14:45:48]  PROTEGIDO: MON-OMNICHANNEL_CENTOS_DASHBOTS_87-PROD Backup_1 (no tiene gemelas suficientes)
[2026-02-19 14:45:48]  PROTEGIDO: MON-QA-TESTLINK Backup (no tiene gemelas suficientes)
[2026-02-19 14:45:48]  PROTEGIDO: MON-RPA-CLAROVENTAS-PROD-1 Backup (no tiene gemelas suficientes)
[2026-02-19 14:45:48]  PROTEGIDO: MON-RPA-CLAROVENTAS-PROD-2 Backup (no tiene gemelas suficientes)
[2026-02-19 14:45:48]  PROTEGIDO: MON-SMART-CONFIANZA-QA Backup (no tiene gemelas suficientes)
[2026-02-19 14:45:48]  PROTEGIDO: MON-SMART-GM-PROD Backup_1 (no tiene gemelas suficientes)
[2026-02-19 14:55:15]  Buscando backups duplicados en: /backups
[2026-02-19 14:55:15]  Fuente de ruta: cli
[2026-02-19 14:55:15]  Roots permitidos: /backups
[2026-02-19 14:55:15]  Estrategia: Eliminar backup MÁS ANTIGUO (protección inteligente)

[2026-02-19 14:55:15]  Hash desactivado: no se calcularán hashes de archivos (modo rápido)
[2026-02-19 14:55:15]  Modo: Veeam + genérico
[2026-02-19 14:55:15] 
[Grupo Veeam 1/95] Carbonio_temp Backup
[2026-02-19 14:55:15]  PROTEGIDO: Carbonio_temp Backup (no tiene gemelas suficientes)
[2026-02-19 14:55:15] 
[Grupo Veeam 2/95] COS-ALFRESCO DOCKER 7.2 Backup
[2026-02-19 14:55:15]  PROTEGIDO: COS-ALFRESCO DOCKER 7.2 Backup (no tiene gemelas suficientes)
[2026-02-19 14:55:15] 
[Grupo Veeam 3/95] COS-BIG BLUE BUTTON Backup
[2026-02-19 14:55:15]  PROTEGIDO: COS-BIG BLUE BUTTON Backup (no tiene gemelas suficientes)
[2026-02-19 14:55:15] 
[Grupo Veeam 4/95] COS-CVR_CENTRALIZADO Backup
[2026-02-19 14:55:15]  PROTEGIDO: COS-CVR_CENTRALIZADO Backup (no tiene gemelas suficientes)
[2026-02-19 14:55:15] 
[Grupo Veeam 5/95] COS-CVR_PROXY Backup
[2026-02-19 14:55:15]  PROTEGIDO: COS-CVR_PROXY Backup_1 (no tiene gemelas suficientes)
[2026-02-19 14:55:15] 
[Grupo Veeam 6/95] COS-INFRA-GLPI-New Backup
[2026-02-19 14:55:15]  PROTEGIDO: COS-INFRA-GLPI-New Backup_1 (no tiene gemelas suficientes)
[2026-02-19 14:55:15] 
[Grupo Veeam 7/95] COS-INFRA-OPENFIRE-UBUNTU Backup
[2026-02-19 14:55:15]  PROTEGIDO: COS-INFRA-OPENFIRE-UBUNTU Backup_1 (no tiene gemelas suficientes)
[2026-02-19 14:55:15] 
[Grupo Veeam 8/95] COS-INFRA-REPORTING-WS2019 Backup
[2026-02-19 14:55:15]  PROTEGIDO: COS-INFRA-REPORTING-WS2019 Backup_1 (no tiene gemelas suficientes)
[2026-02-19 14:55:15] 
[Grupo Veeam 9/95] COS-INFRA-WINSERVE_2019 Backup
[2026-02-19 14:55:15]  PROTEGIDO: COS-INFRA-WINSERVE_2019 Backup_1 (no tiene gemelas suficientes)
[2026-02-19 14:55:15] 
[Grupo Veeam 10/95] COS-INFRA_PRUEBAS_WSVR2019 Backup
[2026-02-19 14:55:15]  PROTEGIDO: COS-INFRA_PRUEBAS_WSVR2019 Backup_1 (no tiene gemelas suficientes)
[2026-02-19 14:55:15] 
[Grupo Veeam 11/95] COS-IT_UBUNTUSERVER Backup
[2026-02-19 14:55:15]  PROTEGIDO: COS-IT_UBUNTUSERVER Backup (no tiene gemelas suficientes)
[2026-02-19 14:55:15] 
[Grupo Veeam 12/95] COS-SOPORTE-WIN10_22h2 Backup
[2026-02-19 14:55:15]  PROTEGIDO: COS-SOPORTE-WIN10_22h2 Backup_1 (no tiene gemelas suficientes)
[2026-02-19 14:55:15] 
[Grupo Veeam 13/95] COS-WORKFORCE-PRUEBAS Backup
[2026-02-19 14:55:15]  PROTEGIDO: COS-WORKFORCE-PRUEBAS Backup_1 (no tiene gemelas suficientes)
[2026-02-19 14:55:15] 
[Grupo Veeam 14/95] frontcolas Backup
[2026-02-19 14:55:15]  PROTEGIDO: frontcolas Backup (no tiene gemelas suficientes)
[2026-02-19 14:55:15] 
[Grupo Veeam 15/95] JUZGADOS Backup
[2026-02-19 14:55:15]  PROTEGIDO: JUZGADOS Backup (no tiene gemelas suficientes)
[2026-02-19 14:55:15] 
[Grupo Veeam 16/95] MON-ASTERISK-VOICEBOT-PRODV2 Backup
[2026-02-19 14:55:15]  PROTEGIDO: MON-ASTERISK-VOICEBOT-PRODV2 Backup (no tiene gemelas suficientes)
[2026-02-19 14:55:15] 
[Grupo Veeam 17/95] MON-CLOUD-WIN_NOTIFICACIONES Backup
[2026-02-19 14:55:15]  PROTEGIDO: MON-CLOUD-WIN_NOTIFICACIONES Backup_1 (no tiene gemelas suficientes)
[2026-02-19 14:55:15] 
[Grupo Veeam 18/95] MON-CLOUD_EXPRESS_ISOLATED Backup
[2026-02-19 14:55:15]  PROTEGIDO: MON-CLOUD_EXPRESS_ISOLATED Backup (no tiene gemelas suficientes)
[2026-02-19 14:55:15] 
[Grupo Veeam 19/95] MON-CLUSTER_AUTENTICATION-Nodo2-now Backup
[2026-02-19 14:55:15]  PROTEGIDO: MON-CLUSTER_AUTENTICATION-Nodo2-now Backup (no tiene gemelas suficientes)
[2026-02-19 14:55:15] 
[Grupo Veeam 20/95] MON-CONFIANZA-GMF-PROD Backup
[2026-02-19 14:55:15]  PROTEGIDO: MON-CONFIANZA-GMF-PROD Backup_1 (no tiene gemelas suficientes)
[2026-02-19 14:55:15] 
[Grupo Veeam 21/95] MON-DBA-CARTERA-NODO-1-new Backup
[2026-02-19 14:55:15]  PROTEGIDO: MON-DBA-CARTERA-NODO-1-new Backup (no tiene gemelas suficientes)
[2026-02-19 14:55:15] 
[Grupo Veeam 22/95] MON-DBA-CLUSTER-RPA_1 Backup
[2026-02-19 14:55:15]  PROTEGIDO: MON-DBA-CLUSTER-RPA_1 Backup_1 (no tiene gemelas suficientes)
[2026-02-19 14:55:15] 
[Grupo Veeam 23/95] MON-DBA-CRM2_NODO_1 Backup
[2026-02-19 14:55:15]  PROTEGIDO: MON-DBA-CRM2_NODO_1 Backup_1 (no tiene gemelas suficientes)
[2026-02-19 14:55:15] 
[Grupo Veeam 24/95] MON-DBA-MYSQL-MIOS1-PROD Backup
[2026-02-19 14:55:15]  PROTEGIDO: MON-DBA-MYSQL-MIOS1-PROD Backup_1 (no tiene gemelas suficientes)
[2026-02-19 14:55:15] 
[Grupo Veeam 25/95] MON-DBA-VOICEBOT Backup
[2026-02-19 14:55:15]  PROTEGIDO: MON-DBA-VOICEBOT Backup_1 (no tiene gemelas suficientes)
[2026-02-19 14:55:15] 
[Grupo Veeam 26/95] MON-DBA_APPMASTER_NODO1_PROD Backup
[2026-02-19 14:55:15]  PROTEGIDO: MON-DBA_APPMASTER_NODO1_PROD Backup (no tiene gemelas suficientes)
[2026-02-19 14:55:15] 
[Grupo Veeam 27/95] MON-DBA_POSTGRESQL_PROD Backup
[2026-02-19 14:55:15]  PROTEGIDO: MON-DBA_POSTGRESQL_PROD Backup_1 (no tiene gemelas suficientes)
[2026-02-19 14:55:15] 
[Grupo Veeam 28/95] MON-DEV-SOULCHAT-PROD Backup
[2026-02-19 14:55:15]  PROTEGIDO: MON-DEV-SOULCHAT-PROD Backup (no tiene gemelas suficientes)
[2026-02-19 14:55:15] 
[Grupo Veeam 29/95] MON-DEVOPS_BALANCER_MASTER Backup
[2026-02-19 14:55:15]  PROTEGIDO: MON-DEVOPS_BALANCER_MASTER Backup (no tiene gemelas suficientes)
[2026-02-19 14:55:15] 
[Grupo Veeam 30/95] MON-DEV_APPMASTER_PROJECTS_8.5-PROD Backup
[2026-02-19 14:55:15]  PROTEGIDO: MON-DEV_APPMASTER_PROJECTS_8.5-PROD Backup (no tiene gemelas suficientes)
[2026-02-19 14:55:15] 
[Grupo Veeam 31/95] MON-DEV_APPMASTER_PROJECTS_8.7-PROD1 Backup
[2026-02-19 14:55:15]  PROTEGIDO: MON-DEV_APPMASTER_PROJECTS_8.7-PROD1 Backup (no tiene gemelas suficientes)
[2026-02-19 14:55:15] 
[Grupo Veeam 32/95] MON-DEV_CARTERAS_PROD Backup
[2026-02-19 14:55:15]  PROTEGIDO: MON-DEV_CARTERAS_PROD Backup_1 (no tiene gemelas suficientes)
[2026-02-19 14:55:15] 
[Grupo Veeam 33/95] MON-DEV_CARTERAWOM-PROD Backup
[2026-02-19 14:55:15]  PROTEGIDO: MON-DEV_CARTERAWOM-PROD Backup_1 (no tiene gemelas suficientes)
[2026-02-19 14:55:15] 
[Grupo Veeam 34/95] MON-DEV_CENTOS_LARAVEL_PROD1 Backup
[2026-02-19 14:55:15]  PROTEGIDO: MON-DEV_CENTOS_LARAVEL_PROD1 Backup (no tiene gemelas suficientes)
[2026-02-19 14:55:15] 
[Grupo Veeam 35/95] MON-DEV_F5_NGINX_PLUS Backup
[2026-02-19 14:55:15]  PROTEGIDO: MON-DEV_F5_NGINX_PLUS Backup (no tiene gemelas suficientes)
[2026-02-19 14:55:15] 
[Grupo Veeam 36/95] MON-DEV_KUBE-RECORDS Backup
[2026-02-19 14:55:15]  PROTEGIDO: MON-DEV_KUBE-RECORDS Backup_1 (no tiene gemelas suficientes)
[2026-02-19 14:55:15] 
[Grupo Veeam 37/95] MON-DEV_MIOS_MICROSERVICES_PROD_DOCKERS_NUEVOS Backup
[2026-02-19 14:55:15]  PROTEGIDO: MON-DEV_MIOS_MICROSERVICES_PROD_DOCKERS_NUEVOS Backup_1 (no tiene gemelas suficientes)
[2026-02-19 14:55:15] 
[Grupo Veeam 38/95] MON-DEV_MIOS_MICROSERVICES_PROD_DOCKERS_NUEVOS_PRUEBA Backup
[2026-02-19 14:55:15]  PROTEGIDO: MON-DEV_MIOS_MICROSERVICES_PROD_DOCKERS_NUEVOS_PRUEBA Backup (no tiene gemelas suficientes)
[2026-02-19 14:55:15] 
[Grupo Veeam 39/95] MON-DEV_MIOS_MICROSERVICES_QUALITY1 Backup
[2026-02-19 14:55:15]  PROTEGIDO: MON-DEV_MIOS_MICROSERVICES_QUALITY1 Backup (no tiene gemelas suficientes)
[2026-02-19 14:55:15] 
[Grupo Veeam 40/95] MON-DEV_MIOS_MICROSERVICES_QUALITY_TF Backup
[2026-02-19 14:55:15]  PROTEGIDO: MON-DEV_MIOS_MICROSERVICES_QUALITY_TF Backup (no tiene gemelas suficientes)
[2026-02-19 14:55:15] 
[Grupo Veeam 41/95] MON-DEV_MIOS_VICIDIAL_PROD Backup
[2026-02-19 14:55:15]  PROTEGIDO: MON-DEV_MIOS_VICIDIAL_PROD Backup_1 (no tiene gemelas suficientes)
[2026-02-19 14:55:15] 
[Grupo Veeam 42/95] MON-DEV_PROD_APPMASTER_3-PROD Backup
[2026-02-19 14:55:15]  PROTEGIDO: MON-DEV_PROD_APPMASTER_3-PROD Backup (no tiene gemelas suficientes)
[2026-02-19 14:55:15] 
[Grupo Veeam 43/95] MON-DEV_PROD_APPMASTER_4-prod Backup
[2026-02-19 14:55:15]  PROTEGIDO: MON-DEV_PROD_APPMASTER_4-prod Backup (no tiene gemelas suficientes)
[2026-02-19 14:55:15] 
[Grupo Veeam 44/95] MON-DEV_RP_WEB_SERVICES-PROD Backup
[2026-02-19 14:55:15]  PROTEGIDO: MON-DEV_RP_WEB_SERVICES-PROD Backup_1 (no tiene gemelas suficientes)
[2026-02-19 14:55:15] 
[Grupo Veeam 45/95] MON-DEV_RRHH-PROD Backup
[2026-02-19 14:55:15]  PROTEGIDO: MON-DEV_RRHH-PROD Backup (no tiene gemelas suficientes)
[2026-02-19 14:55:15] 
[Grupo Veeam 46/95] MON-DEV_VICIDIAL_MARCADOR2 Backup
[2026-02-19 14:55:15]  PROTEGIDO: MON-DEV_VICIDIAL_MARCADOR2 Backup_1 (no tiene gemelas suficientes)
[2026-02-19 14:55:15] 
[Grupo Veeam 47/95] MON-DEV_VICIDIAL_MASTER Backup
[2026-02-19 14:55:15]  PROTEGIDO: MON-DEV_VICIDIAL_MASTER Backup_1 (no tiene gemelas suficientes)
[2026-02-19 14:55:15] 
[Grupo Veeam 48/95] MON-DEV_VICIDIAL_NODO3 Backup
[2026-02-19 14:55:15]  PROTEGIDO: MON-DEV_VICIDIAL_NODO3 Backup_1 (no tiene gemelas suficientes)
[2026-02-19 14:55:15] 
[Grupo Veeam 49/95] MON-DEV_VICIDIAL_WEB-RTC Backup
[2026-02-19 14:55:15]  PROTEGIDO: MON-DEV_VICIDIAL_WEB-RTC Backup_1 (no tiene gemelas suficientes)
[2026-02-19 14:55:15] 
[Grupo Veeam 50/95] MON-DEV_VivamosHumanosWP Backup
[2026-02-19 14:55:15]  PROTEGIDO: MON-DEV_VivamosHumanosWP Backup_1 (no tiene gemelas suficientes)
[2026-02-19 14:55:15] 
[Grupo Veeam 51/95] MON-DEV_WIN10_CORREO_SBS Backup
[2026-02-19 14:55:15]  PROTEGIDO: MON-DEV_WIN10_CORREO_SBS Backup_1 (no tiene gemelas suficientes)
[2026-02-19 14:55:15] 
[Grupo Veeam 52/95] MON-DEV_WIN10_NEW_SBS_INBOUND Backup
[2026-02-19 14:55:15]  PROTEGIDO: MON-DEV_WIN10_NEW_SBS_INBOUND Backup_1 (no tiene gemelas suficientes)
[2026-02-19 14:55:15] 
[Grupo Veeam 53/95] MON-DEV_WIN10_RECOVER_TOP_ETB Backup
[2026-02-19 14:55:15]  PROTEGIDO: MON-DEV_WIN10_RECOVER_TOP_ETB Backup_1 (no tiene gemelas suficientes)
[2026-02-19 14:55:15] 
[Grupo Veeam 54/95] MON-DEV_WINDOWS_CRM_EXPRESS Backup
[2026-02-19 14:55:15]  PROTEGIDO: MON-DEV_WINDOWS_CRM_EXPRESS Backup (no tiene gemelas suficientes)
[2026-02-19 14:55:15] 
[Grupo Veeam 55/95] MON-GLPI-PROD Backup
[2026-02-19 14:55:15]  PROTEGIDO: MON-GLPI-PROD Backup_1 (no tiene gemelas suficientes)
[2026-02-19 14:55:15] 
[Grupo Veeam 56/95] MON-GLPI_CONTACTO-PROD Backup
[2026-02-19 14:55:15]  PROTEGIDO: MON-GLPI_CONTACTO-PROD Backup_1 (no tiene gemelas suficientes)
[2026-02-19 14:55:15] 
[Grupo Veeam 57/95] MON-JITSI-PROD Backup
[2026-02-19 14:55:15]  PROTEGIDO: MON-JITSI-PROD Backup_1 (no tiene gemelas suficientes)
[2026-02-19 14:55:15] 
[Grupo Veeam 58/95] MON-MICROSERVICES-DOCKERS-QA Backup
[2026-02-19 14:55:15]  PROTEGIDO: MON-MICROSERVICES-DOCKERS-QA Backup (no tiene gemelas suficientes)
[2026-02-19 14:55:15] 
[Grupo Veeam 59/95] MON-MIOS1_PROD Backup
[2026-02-19 14:55:15]  PROTEGIDO: MON-MIOS1_PROD Backup_1 (no tiene gemelas suficientes)
[2026-02-19 14:55:15] 
[Grupo Veeam 60/95] MON-MYSQL-QA Backup
[2026-02-19 14:55:15]  PROTEGIDO: MON-MYSQL-QA Backup (no tiene gemelas suficientes)
[2026-02-19 14:55:15] 
[Grupo Veeam 61/95] MON-OMNICHANNEL_CENTOS_DASHBOTS_87-PROD Backup
[2026-02-19 14:55:15]  PROTEGIDO: MON-OMNICHANNEL_CENTOS_DASHBOTS_87-PROD Backup_1 (no tiene gemelas suficientes)
[2026-02-19 14:55:15] 
[Grupo Veeam 62/95] MON-QA-TESTLINK Backup
[2026-02-19 14:55:15]  PROTEGIDO: MON-QA-TESTLINK Backup (no tiene gemelas suficientes)
[2026-02-19 14:55:15] 
[Grupo Veeam 63/95] MON-RPA-CLAROVENTAS-PROD-1 Backup
[2026-02-19 14:55:15]  PROTEGIDO: MON-RPA-CLAROVENTAS-PROD-1 Backup (no tiene gemelas suficientes)
[2026-02-19 14:55:15] 
[Grupo Veeam 64/95] MON-RPA-CLAROVENTAS-PROD-2 Backup
[2026-02-19 14:55:15]  PROTEGIDO: MON-RPA-CLAROVENTAS-PROD-2 Backup (no tiene gemelas suficientes)
[2026-02-19 14:55:15] 
[Grupo Veeam 65/95] MON-SMART-CONFIANZA-QA Backup
[2026-02-19 14:55:15]  PROTEGIDO: MON-SMART-CONFIANZA-QA Backup (no tiene gemelas suficientes)
[2026-02-19 14:55:15] 
[Grupo Veeam 66/95] MON-SMART-GM-PROD Backup
[2026-02-19 14:55:15]  PROTEGIDO: MON-SMART-GM-PROD Backup_1 (no tiene gemelas suficientes)
[2026-02-19 14:55:15] 
[Grupo Veeam 67/95] MON-SMART-GW1-SBS-PROD Backup
[2026-02-19 14:55:15]   [1/2] Analizando: MON-SMART-GW1-SBS-PROD Backup
[2026-02-19 14:55:15]      -> fecha=2025-11-16 07:29:59 | tamaño=52.11 GB | reciente=NO | hash=omitido (--no-hash)
[2026-02-19 14:55:15]   [2/2] Analizando: MON-SMART-GW1-SBS-PROD Backup_1
[2026-02-19 14:55:15]      -> fecha=2026-02-19 03:25:35 | tamaño=103.31 GB | reciente=NO | hash=omitido (--no-hash)
[2026-02-19 14:55:15] 
[Grupo Veeam 68/95] MON-SMART-GW2-GMF-PROD Backup
[2026-02-19 14:55:15]  PROTEGIDO: MON-SMART-GW2-GMF-PROD Backup_1 (no tiene gemelas suficientes)
[2026-02-19 14:55:15] 
[Grupo Veeam 69/95] MON-SMART-GW3-CONFIANZA-PROD Backup
[2026-02-19 14:55:15]  PROTEGIDO: MON-SMART-GW3-CONFIANZA-PROD Backup_1 (no tiene gemelas suficientes)
[2026-02-19 14:55:15] 
[Grupo Veeam 70/95] MON-SMART-GWGMF-QA Backup
[2026-02-19 14:55:15]  PROTEGIDO: MON-SMART-GWGMF-QA Backup (no tiene gemelas suficientes)
[2026-02-19 14:55:15] 
[Grupo Veeam 71/95] MON-SMART-GWSBS-QA Backup
[2026-02-19 14:55:15]  PROTEGIDO: MON-SMART-GWSBS-QA Backup (no tiene gemelas suficientes)
[2026-02-19 14:55:15] 
[Grupo Veeam 72/95] MON-SMART-QA Backup
[2026-02-19 14:55:15]  PROTEGIDO: MON-SMART-QA Backup (no tiene gemelas suficientes)
[2026-02-19 14:55:15] 
[Grupo Veeam 73/95] MON-SMART_CONFIANZA-PROD_TF Backup
[2026-02-19 14:55:15]  PROTEGIDO: MON-SMART_CONFIANZA-PROD_TF Backup (no tiene gemelas suficientes)
[2026-02-19 14:55:15] 
[Grupo Veeam 74/95] MONT-AUTO-GOPASS Backup
[2026-02-19 14:55:15]  PROTEGIDO: MONT-AUTO-GOPASS Backup (no tiene gemelas suficientes)
[2026-02-19 14:55:15] 
[Grupo Veeam 75/95] MONT-AZDEVOPS_NODO1 Backup
[2026-02-19 14:55:15]  PROTEGIDO: MONT-AZDEVOPS_NODO1 Backup (no tiene gemelas suficientes)
[2026-02-19 14:55:15] 
[Grupo Veeam 76/95] MONT-AZDEVOPS_NODO2 Backup
[2026-02-19 14:55:15]   [1/2] Analizando: MONT-AZDEVOPS_NODO2 Backup
[2026-02-19 14:55:15]      -> fecha=2025-12-12 11:00:16 | tamaño=60.34 GB | reciente=NO | hash=omitido (--no-hash)
[2026-02-19 14:55:15]   [2/2] Analizando: MONT-AZDEVOPS_NODO2 Backup_1
[2026-02-19 14:55:15]      -> fecha=2026-02-19 03:12:24 | tamaño=38.75 GB | reciente=NO | hash=omitido (--no-hash)
[2026-02-19 14:55:15] 
[Grupo Veeam 77/95] MONT-AZDEVOPS_NODO3 Backup
[2026-02-19 14:55:15]  PROTEGIDO: MONT-AZDEVOPS_NODO3 Backup (no tiene gemelas suficientes)
[2026-02-19 14:55:15] 
[Grupo Veeam 78/95] MONT-CLOUD-DEMO Backup
[2026-02-19 14:55:15]  PROTEGIDO: MONT-CLOUD-DEMO Backup (no tiene gemelas suficientes)
[2026-02-19 14:55:15] 
[Grupo Veeam 79/95] MONT-CLOUD-ETBSOUL Backup
[2026-02-19 14:55:15]  PROTEGIDO: MONT-CLOUD-ETBSOUL Backup (no tiene gemelas suficientes)
[2026-02-19 14:55:15] 
[Grupo Veeam 80/95] MONT-CLOUD-OMNICANALIDAD Backup
[2026-02-19 14:55:15]  PROTEGIDO: MONT-CLOUD-OMNICANALIDAD Backup (no tiene gemelas suficientes)
[2026-02-19 14:55:15] 
[Grupo Veeam 81/95] MONT-CLOUD-PROXY-PUBLICOS INTERNO Backup
[2026-02-19 14:55:15]  PROTEGIDO: MONT-CLOUD-PROXY-PUBLICOS INTERNO Backup (no tiene gemelas suficientes)
[2026-02-19 14:55:15] 
[Grupo Veeam 82/95] MONT-CLOUD_K8S_CORE Backup
[2026-02-19 14:55:15]  PROTEGIDO: MONT-CLOUD_K8S_CORE Backup (no tiene gemelas suficientes)
[2026-02-19 14:55:15] 
[Grupo Veeam 83/95] MONT-CLOUD_K8S_CORE_LEGACYNODE Backup
[2026-02-19 14:55:15]  PROTEGIDO: MONT-CLOUD_K8S_CORE_LEGACYNODE Backup (no tiene gemelas suficientes)
[2026-02-19 14:55:15] 
[Grupo Veeam 84/95] MONT-CLOUD_K8S_CORE_LEGACYNODE2 Backup
[2026-02-19 14:55:15]  PROTEGIDO: MONT-CLOUD_K8S_CORE_LEGACYNODE2 Backup (no tiene gemelas suficientes)
[2026-02-19 14:55:15] 
[Grupo Veeam 85/95] MONT-K8S-SOULAPPS_QA Backup
[2026-02-19 14:55:15]  PROTEGIDO: MONT-K8S-SOULAPPS_QA Backup (no tiene gemelas suficientes)
[2026-02-19 14:55:15] 
[Grupo Veeam 86/95] MONT-K8S-TEST2 Backup
[2026-02-19 14:55:15]  PROTEGIDO: MONT-K8S-TEST2 Backup (no tiene gemelas suficientes)
[2026-02-19 14:55:15] 
[Grupo Veeam 87/95] MONT-PROXY-IFX Backup
[2026-02-19 14:55:15]  PROTEGIDO: MONT-PROXY-IFX Backup (no tiene gemelas suficientes)
[2026-02-19 14:55:15] 
[Grupo Veeam 88/95] MONT-SBS_OFFICIAL-PROD Backup
[2026-02-19 14:55:15]  PROTEGIDO: MONT-SBS_OFFICIAL-PROD Backup (no tiene gemelas suficientes)
[2026-02-19 14:55:15] 
[Grupo Veeam 89/95] MONT-SOUL-PROD_NEW Backup
[2026-02-19 14:55:15]  PROTEGIDO: MONT-SOUL-PROD_NEW Backup (no tiene gemelas suficientes)
[2026-02-19 14:55:15] 
[Grupo Veeam 90/95] MON_DEV_PROD_PRE-EXPRESS-PROD Backup
[2026-02-19 14:55:15]   [1/2] Analizando: MON_DEV_PROD_PRE-EXPRESS-PROD Backup
[2026-02-19 14:55:15]      -> fecha=2025-11-26 11:23:56 | tamaño=329.59 GB | reciente=NO | hash=omitido (--no-hash)
[2026-02-19 14:55:15]   [2/2] Analizando: MON_DEV_PROD_PRE-EXPRESS-PROD Backup_1
[2026-02-19 14:55:15]      -> fecha=2026-02-19 03:17:55 | tamaño=764.85 GB | reciente=NO | hash=omitido (--no-hash)
[2026-02-19 14:55:15] 
[Grupo Veeam 91/95] OCS_INVENTORY_V2 Backup
[2026-02-19 14:55:15]  PROTEGIDO: OCS_INVENTORY_V2 Backup (no tiene gemelas suficientes)
[2026-02-19 14:55:15] 
[Grupo Veeam 92/95] PRUEBAS SONARQUBE DANIELA Backup
[2026-02-19 14:55:15]  PROTEGIDO: PRUEBAS SONARQUBE DANIELA Backup (no tiene gemelas suficientes)
[2026-02-19 14:55:15] 
[Grupo Veeam 93/95] Semilla Basica Backup
[2026-02-19 14:55:15]  PROTEGIDO: Semilla Basica Backup (no tiene gemelas suficientes)
[2026-02-19 14:55:15] 
[Grupo Veeam 94/95] windows 10 mintic Backup
[2026-02-19 14:55:15]  PROTEGIDO: windows 10 mintic Backup (no tiene gemelas suficientes)
[2026-02-19 14:55:15] 
[Grupo Veeam 95/95] WORDPRESS_NGINX_MICROSITES Backup
[2026-02-19 14:55:15]  PROTEGIDO: WORDPRESS_NGINX_MICROSITES Backup (no tiene gemelas suficientes)
[2026-02-19 14:55:15] 
 Se encontraron 3 par(es) de carpetas duplicadas

[2026-02-19 14:55:15]   • MON-SMART-GW1-SBS-PROD Backup → ELIMINAR
[2026-02-19 14:55:15]     ↳ Conservar: MON-SMART-GW1-SBS-PROD Backup_1
[2026-02-19 14:55:15]     ↳ Tamaño: 52.11 GB
[2026-02-19 14:55:15] 
[2026-02-19 14:55:15]   • MONT-AZDEVOPS_NODO2 Backup → ELIMINAR
[2026-02-19 14:55:15]     ↳ Conservar: MONT-AZDEVOPS_NODO2 Backup_1
[2026-02-19 14:55:15]     ↳ Tamaño: 60.34 GB
[2026-02-19 14:55:15] 
[2026-02-19 14:55:15]   • MON_DEV_PROD_PRE-EXPRESS-PROD Backup → ELIMINAR
[2026-02-19 14:55:15]     ↳ Conservar: MON_DEV_PROD_PRE-EXPRESS-PROD Backup_1
[2026-02-19 14:55:15]     ↳ Tamaño: 329.59 GB
[2026-02-19 14:55:15] 
[2026-02-19 14:55:15] 
Esto es una SIMULACIÓN. Para eliminar realmente, ejecuta:
[2026-02-19 14:55:15]    python3 /app/cleanup.py --execute

[2026-02-19 14:55:15] 
================================================================================
[2026-02-19 14:55:15] MODO: DRY-RUN (SIMULACIÓN)
[2026-02-19 14:55:15] ================================================================================

[2026-02-19 14:55:15] 
────────────────────────────────────────────────────────────────────────────────
[2026-02-19 14:55:15] [1/3] Job: MON-SMART-GW1-SBS-PROD
[2026-02-19 14:55:15] ────────────────────────────────────────────────────────────────────────────────
[2026-02-19 14:55:15]   ELIMINAR:  MON-SMART-GW1-SBS-PROD Backup
[2026-02-19 14:55:15]   CONSERVAR: MON-SMART-GW1-SBS-PROD Backup_1
[2026-02-19 14:55:15]   Fecha a eliminar:  2025-11-16 07:29:59
[2026-02-19 14:55:15]   Fecha a conservar: 2026-02-19 03:25:35
[2026-02-19 14:55:15]   Tamaño a liberar: 52.11 GB
[2026-02-19 14:55:15]   Patrón detectado: Veeam
[2026-02-19 14:55:15]   Estado: MULTI
[2026-02-19 14:55:15]  Simulación: NO se eliminó nada
[2026-02-19 14:55:15] 
────────────────────────────────────────────────────────────────────────────────
[2026-02-19 14:55:15] [2/3] Job: MONT-AZDEVOPS_NODO2
[2026-02-19 14:55:15] ────────────────────────────────────────────────────────────────────────────────
[2026-02-19 14:55:15]   ELIMINAR:  MONT-AZDEVOPS_NODO2 Backup
[2026-02-19 14:55:15]   CONSERVAR: MONT-AZDEVOPS_NODO2 Backup_1
[2026-02-19 14:55:15]   Fecha a eliminar:  2025-12-12 11:00:16
[2026-02-19 14:55:15]   Fecha a conservar: 2026-02-19 03:12:24
[2026-02-19 14:55:15]   Tamaño a liberar: 60.34 GB
[2026-02-19 14:55:15]   Patrón detectado: Veeam
[2026-02-19 14:55:15]   Estado: MULTI
[2026-02-19 14:55:15]  Simulación: NO se eliminó nada
[2026-02-19 14:55:15] 
────────────────────────────────────────────────────────────────────────────────
[2026-02-19 14:55:15] [3/3] Job: MON_DEV_PROD_PRE-EXPRESS-PROD
[2026-02-19 14:55:15] ────────────────────────────────────────────────────────────────────────────────
[2026-02-19 14:55:15]   ELIMINAR:  MON_DEV_PROD_PRE-EXPRESS-PROD Backup
[2026-02-19 14:55:15]   CONSERVAR: MON_DEV_PROD_PRE-EXPRESS-PROD Backup_1
[2026-02-19 14:55:15]   Fecha a eliminar:  2025-11-26 11:23:56
[2026-02-19 14:55:15]   Fecha a conservar: 2026-02-19 03:17:55
[2026-02-19 14:55:15]   Tamaño a liberar: 329.59 GB
[2026-02-19 14:55:15]   Patrón detectado: Veeam
[2026-02-19 14:55:15]   Estado: MULTI
[2026-02-19 14:55:15]  Simulación: NO se eliminó nada
[2026-02-19 14:55:15] 
================================================================================
[2026-02-19 14:55:15] RESUMEN DE OPERACIÓN
[2026-02-19 14:55:15] ================================================================================
[2026-02-19 14:55:15]  Carpetas que se eliminarían: 3
[2026-02-19 14:55:15]  Espacio total a liberar: 442.04 GB
[2026-02-19 14:55:15] ================================================================================

[2026-02-19 14:55:15] Log guardado en: /app/logs/veeam_cleanup.log
[2026-02-20 17:47:28]  Buscando backups duplicados en: /backups
[2026-02-20 17:47:28]  Fuente de ruta: env
[2026-02-20 17:47:28]  Roots permitidos: /backups
[2026-02-20 17:47:28]  Estrategia: Eliminar backup MÁS ANTIGUO (protección inteligente)

[2026-02-20 17:47:28]  Hash desactivado: no se calcularán hashes de archivos (modo rápido)
[2026-02-20 17:47:28]  Modo: Veeam + genérico
[2026-02-20 17:47:28] 
[Grupo Veeam 1/95] Carbonio_temp Backup
[2026-02-20 17:47:28]  PROTEGIDO: Carbonio_temp Backup (no tiene gemelas suficientes)
[2026-02-20 17:47:28] 
[Grupo Veeam 2/95] COS-ALFRESCO DOCKER 7.2 Backup
[2026-02-20 17:47:28]  PROTEGIDO: COS-ALFRESCO DOCKER 7.2 Backup (no tiene gemelas suficientes)
[2026-02-20 17:47:28] 
[Grupo Veeam 3/95] COS-BIG BLUE BUTTON Backup
[2026-02-20 17:47:28]  PROTEGIDO: COS-BIG BLUE BUTTON Backup (no tiene gemelas suficientes)
[2026-02-20 17:47:28] 
[Grupo Veeam 4/95] COS-CVR_CENTRALIZADO Backup
[2026-02-20 17:47:28]  PROTEGIDO: COS-CVR_CENTRALIZADO Backup (no tiene gemelas suficientes)
[2026-02-20 17:47:28] 
[Grupo Veeam 5/95] COS-CVR_PROXY Backup
[2026-02-20 17:47:28]  PROTEGIDO: COS-CVR_PROXY Backup_1 (no tiene gemelas suficientes)
[2026-02-20 17:47:28] 
[Grupo Veeam 6/95] COS-INFRA-GLPI-New Backup
[2026-02-20 17:47:28]  PROTEGIDO: COS-INFRA-GLPI-New Backup_1 (no tiene gemelas suficientes)
[2026-02-20 17:47:28] 
[Grupo Veeam 7/95] COS-INFRA-OPENFIRE-UBUNTU Backup
[2026-02-20 17:47:28]  PROTEGIDO: COS-INFRA-OPENFIRE-UBUNTU Backup_1 (no tiene gemelas suficientes)
[2026-02-20 17:47:28] 
[Grupo Veeam 8/95] COS-INFRA-REPORTING-WS2019 Backup
[2026-02-20 17:47:28]  PROTEGIDO: COS-INFRA-REPORTING-WS2019 Backup_1 (no tiene gemelas suficientes)
[2026-02-20 17:47:28] 
[Grupo Veeam 9/95] COS-INFRA-WINSERVE_2019 Backup
[2026-02-20 17:47:28]  PROTEGIDO: COS-INFRA-WINSERVE_2019 Backup_1 (no tiene gemelas suficientes)
[2026-02-20 17:47:28] 
[Grupo Veeam 10/95] COS-INFRA_PRUEBAS_WSVR2019 Backup
[2026-02-20 17:47:28]  PROTEGIDO: COS-INFRA_PRUEBAS_WSVR2019 Backup_1 (no tiene gemelas suficientes)
[2026-02-20 17:47:28] 
[Grupo Veeam 11/95] COS-IT_UBUNTUSERVER Backup
[2026-02-20 17:47:28]  PROTEGIDO: COS-IT_UBUNTUSERVER Backup (no tiene gemelas suficientes)
[2026-02-20 17:47:28] 
[Grupo Veeam 12/95] COS-SOPORTE-WIN10_22h2 Backup
[2026-02-20 17:47:28]  PROTEGIDO: COS-SOPORTE-WIN10_22h2 Backup_1 (no tiene gemelas suficientes)
[2026-02-20 17:47:28] 
[Grupo Veeam 13/95] COS-WORKFORCE-PRUEBAS Backup
[2026-02-20 17:47:28]  PROTEGIDO: COS-WORKFORCE-PRUEBAS Backup_1 (no tiene gemelas suficientes)
[2026-02-20 17:47:28] 
[Grupo Veeam 14/95] frontcolas Backup
[2026-02-20 17:47:28]  PROTEGIDO: frontcolas Backup (no tiene gemelas suficientes)
[2026-02-20 17:47:28] 
[Grupo Veeam 15/95] JUZGADOS Backup
[2026-02-20 17:47:28]  PROTEGIDO: JUZGADOS Backup (no tiene gemelas suficientes)
[2026-02-20 17:47:28] 
[Grupo Veeam 16/95] MON-ASTERISK-VOICEBOT-PRODV2 Backup
[2026-02-20 17:47:28]  PROTEGIDO: MON-ASTERISK-VOICEBOT-PRODV2 Backup (no tiene gemelas suficientes)
[2026-02-20 17:47:28] 
[Grupo Veeam 17/95] MON-CLOUD-WIN_NOTIFICACIONES Backup
[2026-02-20 17:47:28]  PROTEGIDO: MON-CLOUD-WIN_NOTIFICACIONES Backup_1 (no tiene gemelas suficientes)
[2026-02-20 17:47:28] 
[Grupo Veeam 18/95] MON-CLOUD_EXPRESS_ISOLATED Backup
[2026-02-20 17:47:28]  PROTEGIDO: MON-CLOUD_EXPRESS_ISOLATED Backup (no tiene gemelas suficientes)
[2026-02-20 17:47:28] 
[Grupo Veeam 19/95] MON-CLUSTER_AUTENTICATION-Nodo2-now Backup
[2026-02-20 17:47:28]  PROTEGIDO: MON-CLUSTER_AUTENTICATION-Nodo2-now Backup (no tiene gemelas suficientes)
[2026-02-20 17:47:28] 
[Grupo Veeam 20/95] MON-CONFIANZA-GMF-PROD Backup
[2026-02-20 17:47:28]  PROTEGIDO: MON-CONFIANZA-GMF-PROD Backup_1 (no tiene gemelas suficientes)
[2026-02-20 17:47:28] 
[Grupo Veeam 21/95] MON-DBA-CARTERA-NODO-1-new Backup
[2026-02-20 17:47:28]  PROTEGIDO: MON-DBA-CARTERA-NODO-1-new Backup (no tiene gemelas suficientes)
[2026-02-20 17:47:28] 
[Grupo Veeam 22/95] MON-DBA-CLUSTER-RPA_1 Backup
[2026-02-20 17:47:28]  PROTEGIDO: MON-DBA-CLUSTER-RPA_1 Backup_1 (no tiene gemelas suficientes)
[2026-02-20 17:47:28] 
[Grupo Veeam 23/95] MON-DBA-CRM2_NODO_1 Backup
[2026-02-20 17:47:28]  PROTEGIDO: MON-DBA-CRM2_NODO_1 Backup_1 (no tiene gemelas suficientes)
[2026-02-20 17:47:28] 
[Grupo Veeam 24/95] MON-DBA-MYSQL-MIOS1-PROD Backup
[2026-02-20 17:47:28]  PROTEGIDO: MON-DBA-MYSQL-MIOS1-PROD Backup_1 (no tiene gemelas suficientes)
[2026-02-20 17:47:28] 
[Grupo Veeam 25/95] MON-DBA-VOICEBOT Backup
[2026-02-20 17:47:28]  PROTEGIDO: MON-DBA-VOICEBOT Backup_1 (no tiene gemelas suficientes)
[2026-02-20 17:47:28] 
[Grupo Veeam 26/95] MON-DBA_APPMASTER_NODO1_PROD Backup
[2026-02-20 17:47:28]  PROTEGIDO: MON-DBA_APPMASTER_NODO1_PROD Backup (no tiene gemelas suficientes)
[2026-02-20 17:47:28] 
[Grupo Veeam 27/95] MON-DBA_POSTGRESQL_PROD Backup
[2026-02-20 17:47:28]  PROTEGIDO: MON-DBA_POSTGRESQL_PROD Backup_1 (no tiene gemelas suficientes)
[2026-02-20 17:47:28] 
[Grupo Veeam 28/95] MON-DEV-SOULCHAT-PROD Backup
[2026-02-20 17:47:28]  PROTEGIDO: MON-DEV-SOULCHAT-PROD Backup (no tiene gemelas suficientes)
[2026-02-20 17:47:28] 
[Grupo Veeam 29/95] MON-DEVOPS_BALANCER_MASTER Backup
[2026-02-20 17:47:28]  PROTEGIDO: MON-DEVOPS_BALANCER_MASTER Backup (no tiene gemelas suficientes)
[2026-02-20 17:47:28] 
[Grupo Veeam 30/95] MON-DEV_APPMASTER_PROJECTS_8.5-PROD Backup
[2026-02-20 17:47:28]  PROTEGIDO: MON-DEV_APPMASTER_PROJECTS_8.5-PROD Backup (no tiene gemelas suficientes)
[2026-02-20 17:47:28] 
[Grupo Veeam 31/95] MON-DEV_APPMASTER_PROJECTS_8.7-PROD1 Backup
[2026-02-20 17:47:28]  PROTEGIDO: MON-DEV_APPMASTER_PROJECTS_8.7-PROD1 Backup (no tiene gemelas suficientes)
[2026-02-20 17:47:28] 
[Grupo Veeam 32/95] MON-DEV_CARTERAS_PROD Backup
[2026-02-20 17:47:28]  PROTEGIDO: MON-DEV_CARTERAS_PROD Backup_1 (no tiene gemelas suficientes)
[2026-02-20 17:47:28] 
[Grupo Veeam 33/95] MON-DEV_CARTERAWOM-PROD Backup
[2026-02-20 17:47:28]  PROTEGIDO: MON-DEV_CARTERAWOM-PROD Backup_1 (no tiene gemelas suficientes)
[2026-02-20 17:47:28] 
[Grupo Veeam 34/95] MON-DEV_CENTOS_LARAVEL_PROD1 Backup
[2026-02-20 17:47:28]  PROTEGIDO: MON-DEV_CENTOS_LARAVEL_PROD1 Backup (no tiene gemelas suficientes)
[2026-02-20 17:47:28] 
[Grupo Veeam 35/95] MON-DEV_F5_NGINX_PLUS Backup
[2026-02-20 17:47:28]  PROTEGIDO: MON-DEV_F5_NGINX_PLUS Backup (no tiene gemelas suficientes)
[2026-02-20 17:47:28] 
[Grupo Veeam 36/95] MON-DEV_KUBE-RECORDS Backup
[2026-02-20 17:47:28]  PROTEGIDO: MON-DEV_KUBE-RECORDS Backup_1 (no tiene gemelas suficientes)
[2026-02-20 17:47:28] 
[Grupo Veeam 37/95] MON-DEV_MIOS_MICROSERVICES_PROD_DOCKERS_NUEVOS Backup
[2026-02-20 17:47:28]  PROTEGIDO: MON-DEV_MIOS_MICROSERVICES_PROD_DOCKERS_NUEVOS Backup_1 (no tiene gemelas suficientes)
[2026-02-20 17:47:28] 
[Grupo Veeam 38/95] MON-DEV_MIOS_MICROSERVICES_PROD_DOCKERS_NUEVOS_PRUEBA Backup
[2026-02-20 17:47:28]  PROTEGIDO: MON-DEV_MIOS_MICROSERVICES_PROD_DOCKERS_NUEVOS_PRUEBA Backup (no tiene gemelas suficientes)
[2026-02-20 17:47:28] 
[Grupo Veeam 39/95] MON-DEV_MIOS_MICROSERVICES_QUALITY1 Backup
[2026-02-20 17:47:28]  PROTEGIDO: MON-DEV_MIOS_MICROSERVICES_QUALITY1 Backup (no tiene gemelas suficientes)
[2026-02-20 17:47:28] 
[Grupo Veeam 40/95] MON-DEV_MIOS_MICROSERVICES_QUALITY_TF Backup
[2026-02-20 17:47:28]  PROTEGIDO: MON-DEV_MIOS_MICROSERVICES_QUALITY_TF Backup (no tiene gemelas suficientes)
[2026-02-20 17:47:28] 
[Grupo Veeam 41/95] MON-DEV_MIOS_VICIDIAL_PROD Backup
[2026-02-20 17:47:28]  PROTEGIDO: MON-DEV_MIOS_VICIDIAL_PROD Backup_1 (no tiene gemelas suficientes)
[2026-02-20 17:47:28] 
[Grupo Veeam 42/95] MON-DEV_PROD_APPMASTER_3-PROD Backup
[2026-02-20 17:47:28]  PROTEGIDO: MON-DEV_PROD_APPMASTER_3-PROD Backup (no tiene gemelas suficientes)
[2026-02-20 17:47:28] 
[Grupo Veeam 43/95] MON-DEV_PROD_APPMASTER_4-prod Backup
[2026-02-20 17:47:28]  PROTEGIDO: MON-DEV_PROD_APPMASTER_4-prod Backup (no tiene gemelas suficientes)
[2026-02-20 17:47:28] 
[Grupo Veeam 44/95] MON-DEV_RP_WEB_SERVICES-PROD Backup
[2026-02-20 17:47:28]  PROTEGIDO: MON-DEV_RP_WEB_SERVICES-PROD Backup_1 (no tiene gemelas suficientes)
[2026-02-20 17:47:28] 
[Grupo Veeam 45/95] MON-DEV_RRHH-PROD Backup
[2026-02-20 17:47:28]  PROTEGIDO: MON-DEV_RRHH-PROD Backup (no tiene gemelas suficientes)
[2026-02-20 17:47:28] 
[Grupo Veeam 46/95] MON-DEV_VICIDIAL_MARCADOR2 Backup
[2026-02-20 17:47:28]  PROTEGIDO: MON-DEV_VICIDIAL_MARCADOR2 Backup_1 (no tiene gemelas suficientes)
[2026-02-20 17:47:28] 
[Grupo Veeam 47/95] MON-DEV_VICIDIAL_MASTER Backup
[2026-02-20 17:47:28]  PROTEGIDO: MON-DEV_VICIDIAL_MASTER Backup_1 (no tiene gemelas suficientes)
[2026-02-20 17:47:28] 
[Grupo Veeam 48/95] MON-DEV_VICIDIAL_NODO3 Backup
[2026-02-20 17:47:28]  PROTEGIDO: MON-DEV_VICIDIAL_NODO3 Backup_1 (no tiene gemelas suficientes)
[2026-02-20 17:47:28] 
[Grupo Veeam 49/95] MON-DEV_VICIDIAL_WEB-RTC Backup
[2026-02-20 17:47:28]  PROTEGIDO: MON-DEV_VICIDIAL_WEB-RTC Backup_1 (no tiene gemelas suficientes)
[2026-02-20 17:47:28] 
[Grupo Veeam 50/95] MON-DEV_VivamosHumanosWP Backup
[2026-02-20 17:47:28]  PROTEGIDO: MON-DEV_VivamosHumanosWP Backup_1 (no tiene gemelas suficientes)
[2026-02-20 17:47:28] 
[Grupo Veeam 51/95] MON-DEV_WIN10_CORREO_SBS Backup
[2026-02-20 17:47:28]  PROTEGIDO: MON-DEV_WIN10_CORREO_SBS Backup_1 (no tiene gemelas suficientes)
[2026-02-20 17:47:28] 
[Grupo Veeam 52/95] MON-DEV_WIN10_NEW_SBS_INBOUND Backup
[2026-02-20 17:47:28]  PROTEGIDO: MON-DEV_WIN10_NEW_SBS_INBOUND Backup_1 (no tiene gemelas suficientes)
[2026-02-20 17:47:28] 
[Grupo Veeam 53/95] MON-DEV_WIN10_RECOVER_TOP_ETB Backup
[2026-02-20 17:47:28]  PROTEGIDO: MON-DEV_WIN10_RECOVER_TOP_ETB Backup_1 (no tiene gemelas suficientes)
[2026-02-20 17:47:28] 
[Grupo Veeam 54/95] MON-DEV_WINDOWS_CRM_EXPRESS Backup
[2026-02-20 17:47:28]  PROTEGIDO: MON-DEV_WINDOWS_CRM_EXPRESS Backup (no tiene gemelas suficientes)
[2026-02-20 17:47:28] 
[Grupo Veeam 55/95] MON-GLPI-PROD Backup
[2026-02-20 17:47:28]  PROTEGIDO: MON-GLPI-PROD Backup_1 (no tiene gemelas suficientes)
[2026-02-20 17:47:28] 
[Grupo Veeam 56/95] MON-GLPI_CONTACTO-PROD Backup
[2026-02-20 17:47:28]  PROTEGIDO: MON-GLPI_CONTACTO-PROD Backup_1 (no tiene gemelas suficientes)
[2026-02-20 17:47:28] 
[Grupo Veeam 57/95] MON-JITSI-PROD Backup
[2026-02-20 17:47:28]  PROTEGIDO: MON-JITSI-PROD Backup_1 (no tiene gemelas suficientes)
[2026-02-20 17:47:28] 
[Grupo Veeam 58/95] MON-MICROSERVICES-DOCKERS-QA Backup
[2026-02-20 17:47:28]  PROTEGIDO: MON-MICROSERVICES-DOCKERS-QA Backup (no tiene gemelas suficientes)
[2026-02-20 17:47:28] 
[Grupo Veeam 59/95] MON-MIOS1_PROD Backup
[2026-02-20 17:47:28]  PROTEGIDO: MON-MIOS1_PROD Backup_1 (no tiene gemelas suficientes)
[2026-02-20 17:47:28] 
[Grupo Veeam 60/95] MON-MYSQL-QA Backup
[2026-02-20 17:47:28]  PROTEGIDO: MON-MYSQL-QA Backup (no tiene gemelas suficientes)
[2026-02-20 17:47:28] 
[Grupo Veeam 61/95] MON-OMNICHANNEL_CENTOS_DASHBOTS_87-PROD Backup
[2026-02-20 17:47:28]  PROTEGIDO: MON-OMNICHANNEL_CENTOS_DASHBOTS_87-PROD Backup_1 (no tiene gemelas suficientes)
[2026-02-20 17:47:28] 
[Grupo Veeam 62/95] MON-QA-TESTLINK Backup
[2026-02-20 17:47:28]  PROTEGIDO: MON-QA-TESTLINK Backup (no tiene gemelas suficientes)
[2026-02-20 17:47:28] 
[Grupo Veeam 63/95] MON-RPA-CLAROVENTAS-PROD-1 Backup
[2026-02-20 17:47:28]  PROTEGIDO: MON-RPA-CLAROVENTAS-PROD-1 Backup (no tiene gemelas suficientes)
[2026-02-20 17:47:28] 
[Grupo Veeam 64/95] MON-RPA-CLAROVENTAS-PROD-2 Backup
[2026-02-20 17:47:28]  PROTEGIDO: MON-RPA-CLAROVENTAS-PROD-2 Backup (no tiene gemelas suficientes)
[2026-02-20 17:47:28] 
[Grupo Veeam 65/95] MON-SMART-CONFIANZA-QA Backup
[2026-02-20 17:47:28]  PROTEGIDO: MON-SMART-CONFIANZA-QA Backup (no tiene gemelas suficientes)
[2026-02-20 17:47:28] 
[Grupo Veeam 66/95] MON-SMART-GM-PROD Backup
[2026-02-20 17:47:28]  PROTEGIDO: MON-SMART-GM-PROD Backup_1 (no tiene gemelas suficientes)
[2026-02-20 17:47:28] 
[Grupo Veeam 67/95] MON-SMART-GW1-SBS-PROD Backup
[2026-02-20 17:47:28]   [1/2] Analizando: MON-SMART-GW1-SBS-PROD Backup
[2026-02-20 17:47:28]      -> fecha=2025-11-16 07:29:59 | tamaño=52.11 GB | reciente=NO | hash=omitido (--no-hash)
[2026-02-20 17:47:28]   [2/2] Analizando: MON-SMART-GW1-SBS-PROD Backup_1
[2026-02-20 17:47:28]      -> fecha=2026-02-19 03:25:35 | tamaño=103.31 GB | reciente=NO | hash=omitido (--no-hash)
[2026-02-20 17:47:28] 
[Grupo Veeam 68/95] MON-SMART-GW2-GMF-PROD Backup
[2026-02-20 17:47:28]  PROTEGIDO: MON-SMART-GW2-GMF-PROD Backup_1 (no tiene gemelas suficientes)
[2026-02-20 17:47:28] 
[Grupo Veeam 69/95] MON-SMART-GW3-CONFIANZA-PROD Backup
[2026-02-20 17:47:28]  PROTEGIDO: MON-SMART-GW3-CONFIANZA-PROD Backup_1 (no tiene gemelas suficientes)
[2026-02-20 17:47:28] 
[Grupo Veeam 70/95] MON-SMART-GWGMF-QA Backup
[2026-02-20 17:47:28]  PROTEGIDO: MON-SMART-GWGMF-QA Backup (no tiene gemelas suficientes)
[2026-02-20 17:47:28] 
[Grupo Veeam 71/95] MON-SMART-GWSBS-QA Backup
[2026-02-20 17:47:28]  PROTEGIDO: MON-SMART-GWSBS-QA Backup (no tiene gemelas suficientes)
[2026-02-20 17:47:28] 
[Grupo Veeam 72/95] MON-SMART-QA Backup
[2026-02-20 17:47:28]  PROTEGIDO: MON-SMART-QA Backup (no tiene gemelas suficientes)
[2026-02-20 17:47:28] 
[Grupo Veeam 73/95] MON-SMART_CONFIANZA-PROD_TF Backup
[2026-02-20 17:47:28]  PROTEGIDO: MON-SMART_CONFIANZA-PROD_TF Backup (no tiene gemelas suficientes)
[2026-02-20 17:47:28] 
[Grupo Veeam 74/95] MONT-AUTO-GOPASS Backup
[2026-02-20 17:47:28]  PROTEGIDO: MONT-AUTO-GOPASS Backup (no tiene gemelas suficientes)
[2026-02-20 17:47:28] 
[Grupo Veeam 75/95] MONT-AZDEVOPS_NODO1 Backup
[2026-02-20 17:47:28]  PROTEGIDO: MONT-AZDEVOPS_NODO1 Backup (no tiene gemelas suficientes)
[2026-02-20 17:47:28] 
[Grupo Veeam 76/95] MONT-AZDEVOPS_NODO2 Backup
[2026-02-20 17:47:28]   [1/2] Analizando: MONT-AZDEVOPS_NODO2 Backup
[2026-02-20 17:47:28]      -> fecha=2025-12-12 11:00:16 | tamaño=60.34 GB | reciente=NO | hash=omitido (--no-hash)
[2026-02-20 17:47:28]   [2/2] Analizando: MONT-AZDEVOPS_NODO2 Backup_1
[2026-02-20 17:47:28]      -> fecha=2026-02-19 03:12:24 | tamaño=38.75 GB | reciente=NO | hash=omitido (--no-hash)
[2026-02-20 17:47:28] 
[Grupo Veeam 77/95] MONT-AZDEVOPS_NODO3 Backup
[2026-02-20 17:47:28]  PROTEGIDO: MONT-AZDEVOPS_NODO3 Backup (no tiene gemelas suficientes)
[2026-02-20 17:47:28] 
[Grupo Veeam 78/95] MONT-CLOUD-DEMO Backup
[2026-02-20 17:47:28]  PROTEGIDO: MONT-CLOUD-DEMO Backup (no tiene gemelas suficientes)
[2026-02-20 17:47:28] 
[Grupo Veeam 79/95] MONT-CLOUD-ETBSOUL Backup
[2026-02-20 17:47:28]  PROTEGIDO: MONT-CLOUD-ETBSOUL Backup (no tiene gemelas suficientes)
[2026-02-20 17:47:28] 
[Grupo Veeam 80/95] MONT-CLOUD-OMNICANALIDAD Backup
[2026-02-20 17:47:28]  PROTEGIDO: MONT-CLOUD-OMNICANALIDAD Backup (no tiene gemelas suficientes)
[2026-02-20 17:47:28] 
[Grupo Veeam 81/95] MONT-CLOUD-PROXY-PUBLICOS INTERNO Backup
[2026-02-20 17:47:28]  PROTEGIDO: MONT-CLOUD-PROXY-PUBLICOS INTERNO Backup (no tiene gemelas suficientes)
[2026-02-20 17:47:28] 
[Grupo Veeam 82/95] MONT-CLOUD_K8S_CORE Backup
[2026-02-20 17:47:28]  PROTEGIDO: MONT-CLOUD_K8S_CORE Backup (no tiene gemelas suficientes)
[2026-02-20 17:47:28] 
[Grupo Veeam 83/95] MONT-CLOUD_K8S_CORE_LEGACYNODE Backup
[2026-02-20 17:47:28]  PROTEGIDO: MONT-CLOUD_K8S_CORE_LEGACYNODE Backup (no tiene gemelas suficientes)
[2026-02-20 17:47:28] 
[Grupo Veeam 84/95] MONT-CLOUD_K8S_CORE_LEGACYNODE2 Backup
[2026-02-20 17:47:28]  PROTEGIDO: MONT-CLOUD_K8S_CORE_LEGACYNODE2 Backup (no tiene gemelas suficientes)
[2026-02-20 17:47:28] 
[Grupo Veeam 85/95] MONT-K8S-SOULAPPS_QA Backup
[2026-02-20 17:47:28]  PROTEGIDO: MONT-K8S-SOULAPPS_QA Backup (no tiene gemelas suficientes)
[2026-02-20 17:47:28] 
[Grupo Veeam 86/95] MONT-K8S-TEST2 Backup
[2026-02-20 17:47:28]  PROTEGIDO: MONT-K8S-TEST2 Backup (no tiene gemelas suficientes)
[2026-02-20 17:47:28] 
[Grupo Veeam 87/95] MONT-PROXY-IFX Backup
[2026-02-20 17:47:28]  PROTEGIDO: MONT-PROXY-IFX Backup (no tiene gemelas suficientes)
[2026-02-20 17:47:28] 
[Grupo Veeam 88/95] MONT-SBS_OFFICIAL-PROD Backup
[2026-02-20 17:47:28]  PROTEGIDO: MONT-SBS_OFFICIAL-PROD Backup (no tiene gemelas suficientes)
[2026-02-20 17:47:28] 
[Grupo Veeam 89/95] MONT-SOUL-PROD_NEW Backup
[2026-02-20 17:47:28]  PROTEGIDO: MONT-SOUL-PROD_NEW Backup (no tiene gemelas suficientes)
[2026-02-20 17:47:28] 
[Grupo Veeam 90/95] MON_DEV_PROD_PRE-EXPRESS-PROD Backup
[2026-02-20 17:47:28]   [1/2] Analizando: MON_DEV_PROD_PRE-EXPRESS-PROD Backup
[2026-02-20 17:47:28]      -> fecha=2025-11-26 11:23:56 | tamaño=329.59 GB | reciente=NO | hash=omitido (--no-hash)
[2026-02-20 17:47:28]   [2/2] Analizando: MON_DEV_PROD_PRE-EXPRESS-PROD Backup_1
[2026-02-20 17:47:28]      -> fecha=2026-02-19 03:17:55 | tamaño=764.85 GB | reciente=NO | hash=omitido (--no-hash)
[2026-02-20 17:47:28] 
[Grupo Veeam 91/95] OCS_INVENTORY_V2 Backup
[2026-02-20 17:47:28]  PROTEGIDO: OCS_INVENTORY_V2 Backup (no tiene gemelas suficientes)
[2026-02-20 17:47:28] 
[Grupo Veeam 92/95] PRUEBAS SONARQUBE DANIELA Backup
[2026-02-20 17:47:28]  PROTEGIDO: PRUEBAS SONARQUBE DANIELA Backup (no tiene gemelas suficientes)
[2026-02-20 17:47:28] 
[Grupo Veeam 93/95] Semilla Basica Backup
[2026-02-20 17:47:28]  PROTEGIDO: Semilla Basica Backup (no tiene gemelas suficientes)
[2026-02-20 17:47:28] 
[Grupo Veeam 94/95] windows 10 mintic Backup
[2026-02-20 17:47:28]  PROTEGIDO: windows 10 mintic Backup (no tiene gemelas suficientes)
[2026-02-20 17:47:28] 
[Grupo Veeam 95/95] WORDPRESS_NGINX_MICROSITES Backup
[2026-02-20 17:47:28]  PROTEGIDO: WORDPRESS_NGINX_MICROSITES Backup (no tiene gemelas suficientes)
[2026-02-20 17:47:28] 
 Se encontraron 3 par(es) de carpetas duplicadas

[2026-02-20 17:47:28]   • MON-SMART-GW1-SBS-PROD Backup → ELIMINAR
[2026-02-20 17:47:28]     ↳ Conservar: MON-SMART-GW1-SBS-PROD Backup_1
[2026-02-20 17:47:28]     ↳ Tamaño: 52.11 GB
[2026-02-20 17:47:28] 
[2026-02-20 17:47:28]   • MONT-AZDEVOPS_NODO2 Backup → ELIMINAR
[2026-02-20 17:47:28]     ↳ Conservar: MONT-AZDEVOPS_NODO2 Backup_1
[2026-02-20 17:47:28]     ↳ Tamaño: 60.34 GB
[2026-02-20 17:47:28] 
[2026-02-20 17:47:28]   • MON_DEV_PROD_PRE-EXPRESS-PROD Backup → ELIMINAR
[2026-02-20 17:47:28]     ↳ Conservar: MON_DEV_PROD_PRE-EXPRESS-PROD Backup_1
[2026-02-20 17:47:28]     ↳ Tamaño: 329.59 GB
[2026-02-20 17:47:28] 
[2026-02-20 17:47:28] 
Esto es una SIMULACIÓN. Para eliminar realmente, ejecuta:
[2026-02-20 17:47:28]    python3 /app/cleanup.py --execute

[2026-02-20 17:47:28] 
================================================================================
[2026-02-20 17:47:28] MODO: DRY-RUN (SIMULACIÓN)
[2026-02-20 17:47:28] ================================================================================

[2026-02-20 17:47:28] 
────────────────────────────────────────────────────────────────────────────────
[2026-02-20 17:47:28] [1/3] Job: MON-SMART-GW1-SBS-PROD
[2026-02-20 17:47:28] ────────────────────────────────────────────────────────────────────────────────
[2026-02-20 17:47:28]   ELIMINAR:  MON-SMART-GW1-SBS-PROD Backup
[2026-02-20 17:47:28]   CONSERVAR: MON-SMART-GW1-SBS-PROD Backup_1
[2026-02-20 17:47:28]   Fecha a eliminar:  2025-11-16 07:29:59
[2026-02-20 17:47:28]   Fecha a conservar: 2026-02-19 03:25:35
[2026-02-20 17:47:28]   Tamaño a liberar: 52.11 GB
[2026-02-20 17:47:28]   Patrón detectado: Veeam
[2026-02-20 17:47:28]   Estado: MULTI
[2026-02-20 17:47:28]  Simulación: NO se eliminó nada
[2026-02-20 17:47:28] 
────────────────────────────────────────────────────────────────────────────────
[2026-02-20 17:47:28] [2/3] Job: MONT-AZDEVOPS_NODO2
[2026-02-20 17:47:28] ────────────────────────────────────────────────────────────────────────────────
[2026-02-20 17:47:28]   ELIMINAR:  MONT-AZDEVOPS_NODO2 Backup
[2026-02-20 17:47:28]   CONSERVAR: MONT-AZDEVOPS_NODO2 Backup_1
[2026-02-20 17:47:28]   Fecha a eliminar:  2025-12-12 11:00:16
[2026-02-20 17:47:28]   Fecha a conservar: 2026-02-19 03:12:24
[2026-02-20 17:47:28]   Tamaño a liberar: 60.34 GB
[2026-02-20 17:47:28]   Patrón detectado: Veeam
[2026-02-20 17:47:28]   Estado: MULTI
[2026-02-20 17:47:28]  Simulación: NO se eliminó nada
[2026-02-20 17:47:28] 
────────────────────────────────────────────────────────────────────────────────
[2026-02-20 17:47:28] [3/3] Job: MON_DEV_PROD_PRE-EXPRESS-PROD
[2026-02-20 17:47:28] ────────────────────────────────────────────────────────────────────────────────
[2026-02-20 17:47:28]   ELIMINAR:  MON_DEV_PROD_PRE-EXPRESS-PROD Backup
[2026-02-20 17:47:28]   CONSERVAR: MON_DEV_PROD_PRE-EXPRESS-PROD Backup_1
[2026-02-20 17:47:28]   Fecha a eliminar:  2025-11-26 11:23:56
[2026-02-20 17:47:28]   Fecha a conservar: 2026-02-19 03:17:55
[2026-02-20 17:47:28]   Tamaño a liberar: 329.59 GB
[2026-02-20 17:47:28]   Patrón detectado: Veeam
[2026-02-20 17:47:28]   Estado: MULTI
[2026-02-20 17:47:28]  Simulación: NO se eliminó nada
[2026-02-20 17:47:28] 
================================================================================
[2026-02-20 17:47:28] RESUMEN DE OPERACIÓN
[2026-02-20 17:47:28] ================================================================================
[2026-02-20 17:47:28]  Carpetas que se eliminarían: 3
[2026-02-20 17:47:28]  Espacio total a liberar: 442.04 GB
[2026-02-20 17:47:28] ================================================================================

[2026-02-20 17:47:28] Log guardado en: /app/logs/veeam_cleanup.log
[2026-03-07 15:38:00]  Buscando backups duplicados en: /backups
[2026-03-07 15:38:00]  Fuente de ruta: env
[2026-03-07 15:38:00]  Roots permitidos: /backups
[2026-03-07 15:38:00]  Estrategia: Eliminar backup MÁS ANTIGUO (protección inteligente)

[2026-03-07 15:38:00]  Hash desactivado: no se calcularán hashes de archivos (modo rápido)
[2026-03-07 15:38:00]  Modo: Veeam + genérico
[2026-03-07 15:38:00] 
[Grupo Veeam 1/98] COS-ALFRESCO DOCKER 7.2 Backup
[2026-03-07 15:38:00]  PROTEGIDO: COS-ALFRESCO DOCKER 7.2 Backup (no tiene gemelas suficientes)
[2026-03-07 15:38:00] 
[Grupo Veeam 2/98] COS-BIG BLUE BUTTON Backup
[2026-03-07 15:38:00]  PROTEGIDO: COS-BIG BLUE BUTTON Backup (no tiene gemelas suficientes)
[2026-03-07 15:38:00] 
[Grupo Veeam 3/98] COS-CVR_CENTRALIZADO Backup
[2026-03-07 15:38:00]  PROTEGIDO: COS-CVR_CENTRALIZADO Backup (no tiene gemelas suficientes)
[2026-03-07 15:38:00] 
[Grupo Veeam 4/98] COS-CVR_PROXY Backup
[2026-03-07 15:38:00]  PROTEGIDO: COS-CVR_PROXY Backup_1 (no tiene gemelas suficientes)
[2026-03-07 15:38:00] 
[Grupo Veeam 5/98] COS-INFRA-GLPI-New Backup
[2026-03-07 15:38:00]  PROTEGIDO: COS-INFRA-GLPI-New Backup_1 (no tiene gemelas suficientes)
[2026-03-07 15:38:00] 
[Grupo Veeam 6/98] COS-INFRA-OPENFIRE-UBUNTU Backup
[2026-03-07 15:38:00]  PROTEGIDO: COS-INFRA-OPENFIRE-UBUNTU Backup_1 (no tiene gemelas suficientes)
[2026-03-07 15:38:00] 
[Grupo Veeam 7/98] COS-INFRA-REPORTING-WS2019 Backup
[2026-03-07 15:38:00]  PROTEGIDO: COS-INFRA-REPORTING-WS2019 Backup_1 (no tiene gemelas suficientes)
[2026-03-07 15:38:00] 
[Grupo Veeam 8/98] COS-INFRA-WINSERVE_2019 Backup
[2026-03-07 15:38:00]  PROTEGIDO: COS-INFRA-WINSERVE_2019 Backup_1 (no tiene gemelas suficientes)
[2026-03-07 15:38:00] 
[Grupo Veeam 9/98] COS-INFRA_PRUEBAS_WSVR2019 Backup
[2026-03-07 15:38:00]  PROTEGIDO: COS-INFRA_PRUEBAS_WSVR2019 Backup_1 (no tiene gemelas suficientes)
[2026-03-07 15:38:00] 
[Grupo Veeam 10/98] COS-IT_UBUNTUSERVER Backup
[2026-03-07 15:38:00]  PROTEGIDO: COS-IT_UBUNTUSERVER Backup (no tiene gemelas suficientes)
[2026-03-07 15:38:00] 
[Grupo Veeam 11/98] COS-SOPORTE-WIN10_22h2 Backup
[2026-03-07 15:38:00]  PROTEGIDO: COS-SOPORTE-WIN10_22h2 Backup_1 (no tiene gemelas suficientes)
[2026-03-07 15:38:00] 
[Grupo Veeam 12/98] COS-WORKFORCE-PRUEBAS Backup
[2026-03-07 15:38:00]  PROTEGIDO: COS-WORKFORCE-PRUEBAS Backup_1 (no tiene gemelas suficientes)
[2026-03-07 15:38:00] 
[Grupo Veeam 13/98] frontcolas Backup
[2026-03-07 15:38:00]  PROTEGIDO: frontcolas Backup (no tiene gemelas suficientes)
[2026-03-07 15:38:00] 
[Grupo Veeam 14/98] JUZGADOS Backup
[2026-03-07 15:38:00]  PROTEGIDO: JUZGADOS Backup (no tiene gemelas suficientes)
[2026-03-07 15:38:00] 
[Grupo Veeam 15/98] MON-ASTERISK-VOICEBOT-PRODV2 Backup
[2026-03-07 15:38:00]  PROTEGIDO: MON-ASTERISK-VOICEBOT-PRODV2 Backup (no tiene gemelas suficientes)
[2026-03-07 15:38:00] 
[Grupo Veeam 16/98] MON-CLOUD-CARBONIO Backup
[2026-03-07 15:38:00]  PROTEGIDO: MON-CLOUD-CARBONIO Backup (no tiene gemelas suficientes)
[2026-03-07 15:38:00] 
[Grupo Veeam 17/98] MON-CLOUD-WIN_NOTIFICACIONES Backup
[2026-03-07 15:38:00]  PROTEGIDO: MON-CLOUD-WIN_NOTIFICACIONES Backup_1 (no tiene gemelas suficientes)
[2026-03-07 15:38:00] 
[Grupo Veeam 18/98] MON-CLOUD_EXPRESS_ISOLATED Backup
[2026-03-07 15:38:00]  PROTEGIDO: MON-CLOUD_EXPRESS_ISOLATED Backup (no tiene gemelas suficientes)
[2026-03-07 15:38:00] 
[Grupo Veeam 19/98] MON-CLUSTER_AUTENTICATION-Nodo2-now Backup
[2026-03-07 15:38:00]  PROTEGIDO: MON-CLUSTER_AUTENTICATION-Nodo2-now Backup (no tiene gemelas suficientes)
[2026-03-07 15:38:00] 
[Grupo Veeam 20/98] MON-CONFIANZA-GMF-PROD Backup
[2026-03-07 15:38:00]  PROTEGIDO: MON-CONFIANZA-GMF-PROD Backup_1 (no tiene gemelas suficientes)
[2026-03-07 15:38:00] 
[Grupo Veeam 21/98] MON-DBA-CARTERA-NODO-1-new Backup
[2026-03-07 15:38:00]  PROTEGIDO: MON-DBA-CARTERA-NODO-1-new Backup (no tiene gemelas suficientes)
[2026-03-07 15:38:00] 
[Grupo Veeam 22/98] MON-DBA-CLUSTER-RPA_1 Backup
[2026-03-07 15:38:00]  PROTEGIDO: MON-DBA-CLUSTER-RPA_1 Backup_1 (no tiene gemelas suficientes)
[2026-03-07 15:38:00] 
[Grupo Veeam 23/98] MON-DBA-CRM2_NODO_1 Backup
[2026-03-07 15:38:00]  PROTEGIDO: MON-DBA-CRM2_NODO_1 Backup (no tiene gemelas suficientes)
[2026-03-07 15:38:00] 
[Grupo Veeam 24/98] MON-DBA-MYSQL-MIOS1-PROD Backup
[2026-03-07 15:38:00]  PROTEGIDO: MON-DBA-MYSQL-MIOS1-PROD Backup_1 (no tiene gemelas suficientes)
[2026-03-07 15:38:00] 
[Grupo Veeam 25/98] MON-DBA-VOICEBOT Backup
[2026-03-07 15:38:00]  PROTEGIDO: MON-DBA-VOICEBOT Backup_1 (no tiene gemelas suficientes)
[2026-03-07 15:38:00] 
[Grupo Veeam 26/98] MON-DBA_APPMASTER_NODO1_PROD Backup
[2026-03-07 15:38:00]  PROTEGIDO: MON-DBA_APPMASTER_NODO1_PROD Backup (no tiene gemelas suficientes)
[2026-03-07 15:38:00] 
[Grupo Veeam 27/98] MON-DBA_BACKUP Backup
[2026-03-07 15:38:00]  PROTEGIDO: MON-DBA_BACKUP Backup (no tiene gemelas suficientes)
[2026-03-07 15:38:00] 
[Grupo Veeam 28/98] MON-DBA_POSTGRESQL_PROD Backup
[2026-03-07 15:38:00]  PROTEGIDO: MON-DBA_POSTGRESQL_PROD Backup_1 (no tiene gemelas suficientes)
[2026-03-07 15:38:00] 
[Grupo Veeam 29/98] MON-DEV-SOULCHAT-PROD Backup
[2026-03-07 15:38:00]  PROTEGIDO: MON-DEV-SOULCHAT-PROD Backup (no tiene gemelas suficientes)
[2026-03-07 15:38:00] 
[Grupo Veeam 30/98] MON-DEVOPS_BALANCER_MASTER Backup
[2026-03-07 15:38:00]  PROTEGIDO: MON-DEVOPS_BALANCER_MASTER Backup (no tiene gemelas suficientes)
[2026-03-07 15:38:00] 
[Grupo Veeam 31/98] MON-DEV_APPMASTER_PROJECTS_8.5-PROD Backup
[2026-03-07 15:38:00]  PROTEGIDO: MON-DEV_APPMASTER_PROJECTS_8.5-PROD Backup (no tiene gemelas suficientes)
[2026-03-07 15:38:00] 
[Grupo Veeam 32/98] MON-DEV_APPMASTER_PROJECTS_8.7-PROD1 Backup
[2026-03-07 15:38:00]  PROTEGIDO: MON-DEV_APPMASTER_PROJECTS_8.7-PROD1 Backup (no tiene gemelas suficientes)
[2026-03-07 15:38:00] 
[Grupo Veeam 33/98] MON-DEV_CARTERAS_PROD Backup
[2026-03-07 15:38:00]  PROTEGIDO: MON-DEV_CARTERAS_PROD Backup_1 (no tiene gemelas suficientes)
[2026-03-07 15:38:00] 
[Grupo Veeam 34/98] MON-DEV_CARTERAWOM-PROD Backup
[2026-03-07 15:38:00]  PROTEGIDO: MON-DEV_CARTERAWOM-PROD Backup_1 (no tiene gemelas suficientes)
[2026-03-07 15:38:00] 
[Grupo Veeam 35/98] MON-DEV_CENTOS_LARAVEL_PROD1 Backup
[2026-03-07 15:38:00]  PROTEGIDO: MON-DEV_CENTOS_LARAVEL_PROD1 Backup (no tiene gemelas suficientes)
[2026-03-07 15:38:00] 
[Grupo Veeam 36/98] MON-DEV_F5_NGINX_PLUS Backup
[2026-03-07 15:38:00]  PROTEGIDO: MON-DEV_F5_NGINX_PLUS Backup (no tiene gemelas suficientes)
[2026-03-07 15:38:00] 
[Grupo Veeam 37/98] MON-DEV_KUBE-RECORDS Backup
[2026-03-07 15:38:00]  PROTEGIDO: MON-DEV_KUBE-RECORDS Backup_1 (no tiene gemelas suficientes)
[2026-03-07 15:38:00] 
[Grupo Veeam 38/98] MON-DEV_MIOS_MICROSERVICES_PROD_DOCKERS_NUEVOS Backup
[2026-03-07 15:38:00]  PROTEGIDO: MON-DEV_MIOS_MICROSERVICES_PROD_DOCKERS_NUEVOS Backup_1 (no tiene gemelas suficientes)
[2026-03-07 15:38:00] 
[Grupo Veeam 39/98] MON-DEV_MIOS_MICROSERVICES_PROD_DOCKERS_NUEVOS_PRUEBA Backup
[2026-03-07 15:38:00]  PROTEGIDO: MON-DEV_MIOS_MICROSERVICES_PROD_DOCKERS_NUEVOS_PRUEBA Backup (no tiene gemelas suficientes)
[2026-03-07 15:38:00] 
[Grupo Veeam 40/98] MON-DEV_MIOS_MICROSERVICES_QUALITY1 Backup
[2026-03-07 15:38:00]  PROTEGIDO: MON-DEV_MIOS_MICROSERVICES_QUALITY1 Backup (no tiene gemelas suficientes)
[2026-03-07 15:38:00] 
[Grupo Veeam 41/98] MON-DEV_MIOS_MICROSERVICES_QUALITY_TF Backup
[2026-03-07 15:38:00]  PROTEGIDO: MON-DEV_MIOS_MICROSERVICES_QUALITY_TF Backup (no tiene gemelas suficientes)
[2026-03-07 15:38:00] 
[Grupo Veeam 42/98] MON-DEV_MIOS_VICIDIAL_PROD Backup
[2026-03-07 15:38:00]  PROTEGIDO: MON-DEV_MIOS_VICIDIAL_PROD Backup_1 (no tiene gemelas suficientes)
[2026-03-07 15:38:00] 
[Grupo Veeam 43/98] MON-DEV_PROD_APPMASTER_3-PROD Backup
[2026-03-07 15:38:00]  PROTEGIDO: MON-DEV_PROD_APPMASTER_3-PROD Backup (no tiene gemelas suficientes)
[2026-03-07 15:38:00] 
[Grupo Veeam 44/98] MON-DEV_PROD_APPMASTER_4-prod Backup
[2026-03-07 15:38:00]  PROTEGIDO: MON-DEV_PROD_APPMASTER_4-prod Backup (no tiene gemelas suficientes)
[2026-03-07 15:38:00] 
[Grupo Veeam 45/98] MON-DEV_RP_WEB_SERVICES-PROD Backup
[2026-03-07 15:38:00]  PROTEGIDO: MON-DEV_RP_WEB_SERVICES-PROD Backup_1 (no tiene gemelas suficientes)
[2026-03-07 15:38:00] 
[Grupo Veeam 46/98] MON-DEV_RRHH-PROD Backup
[2026-03-07 15:38:00]  PROTEGIDO: MON-DEV_RRHH-PROD Backup (no tiene gemelas suficientes)
[2026-03-07 15:38:00] 
[Grupo Veeam 47/98] MON-DEV_VICIDIAL_MARCADOR2 Backup
[2026-03-07 15:38:00]  PROTEGIDO: MON-DEV_VICIDIAL_MARCADOR2 Backup_1 (no tiene gemelas suficientes)
[2026-03-07 15:38:00] 
[Grupo Veeam 48/98] MON-DEV_VICIDIAL_MASTER Backup
[2026-03-07 15:38:00]  PROTEGIDO: MON-DEV_VICIDIAL_MASTER Backup_1 (no tiene gemelas suficientes)
[2026-03-07 15:38:00] 
[Grupo Veeam 49/98] MON-DEV_VICIDIAL_NODO3 Backup
[2026-03-07 15:38:00]  PROTEGIDO: MON-DEV_VICIDIAL_NODO3 Backup_1 (no tiene gemelas suficientes)
[2026-03-07 15:38:00] 
[Grupo Veeam 50/98] MON-DEV_VICIDIAL_WEB-RTC Backup
[2026-03-07 15:38:00]  PROTEGIDO: MON-DEV_VICIDIAL_WEB-RTC Backup_1 (no tiene gemelas suficientes)
[2026-03-07 15:38:00] 
[Grupo Veeam 51/98] MON-DEV_VivamosHumanosWP Backup
[2026-03-07 15:38:00]  PROTEGIDO: MON-DEV_VivamosHumanosWP Backup_1 (no tiene gemelas suficientes)
[2026-03-07 15:38:00] 
[Grupo Veeam 52/98] MON-DEV_WIN10_CORREO_SBS Backup
[2026-03-07 15:38:00]  PROTEGIDO: MON-DEV_WIN10_CORREO_SBS Backup_1 (no tiene gemelas suficientes)
[2026-03-07 15:38:00] 
[Grupo Veeam 53/98] MON-DEV_WIN10_NEW_SBS_INBOUND Backup
[2026-03-07 15:38:00]  PROTEGIDO: MON-DEV_WIN10_NEW_SBS_INBOUND Backup_1 (no tiene gemelas suficientes)
[2026-03-07 15:38:00] 
[Grupo Veeam 54/98] MON-DEV_WIN10_RECOVER_TOP_ETB Backup
[2026-03-07 15:38:00]  PROTEGIDO: MON-DEV_WIN10_RECOVER_TOP_ETB Backup_1 (no tiene gemelas suficientes)
[2026-03-07 15:38:00] 
[Grupo Veeam 55/98] MON-DEV_WINDOWS_CRM_EXPRESS Backup
[2026-03-07 15:38:00]  PROTEGIDO: MON-DEV_WINDOWS_CRM_EXPRESS Backup_1 (no tiene gemelas suficientes)
[2026-03-07 15:38:00] 
[Grupo Veeam 56/98] MON-GLPI-PROD Backup
[2026-03-07 15:38:00]  PROTEGIDO: MON-GLPI-PROD Backup_1 (no tiene gemelas suficientes)
[2026-03-07 15:38:00] 
[Grupo Veeam 57/98] MON-GLPI_CONTACTO-PROD Backup
[2026-03-07 15:38:00]  PROTEGIDO: MON-GLPI_CONTACTO-PROD Backup_1 (no tiene gemelas suficientes)
[2026-03-07 15:38:00] 
[Grupo Veeam 58/98] MON-JITSI-PROD Backup
[2026-03-07 15:38:00]  PROTEGIDO: MON-JITSI-PROD Backup_1 (no tiene gemelas suficientes)
[2026-03-07 15:38:00] 
[Grupo Veeam 59/98] MON-MICROSERVICES-DOCKERS-QA Backup
[2026-03-07 15:38:00]  PROTEGIDO: MON-MICROSERVICES-DOCKERS-QA Backup (no tiene gemelas suficientes)
[2026-03-07 15:38:00] 
[Grupo Veeam 60/98] MON-MIOS1_PROD Backup
[2026-03-07 15:38:00]  PROTEGIDO: MON-MIOS1_PROD Backup_1 (no tiene gemelas suficientes)
[2026-03-07 15:38:00] 
[Grupo Veeam 61/98] MON-MYSQL-QA Backup
[2026-03-07 15:38:00]  PROTEGIDO: MON-MYSQL-QA Backup (no tiene gemelas suficientes)
[2026-03-07 15:38:00] 
[Grupo Veeam 62/98] MON-OMNICHANNEL_CENTOS_DASHBOTS_87-PROD Backup
[2026-03-07 15:38:00]  PROTEGIDO: MON-OMNICHANNEL_CENTOS_DASHBOTS_87-PROD Backup_1 (no tiene gemelas suficientes)
[2026-03-07 15:38:00] 
[Grupo Veeam 63/98] MON-QA-TESTLINK Backup
[2026-03-07 15:38:00]  PROTEGIDO: MON-QA-TESTLINK Backup (no tiene gemelas suficientes)
[2026-03-07 15:38:00] 
[Grupo Veeam 64/98] MON-RPA-CLAROVENTAS-PROD-1 Backup
[2026-03-07 15:38:00]  PROTEGIDO: MON-RPA-CLAROVENTAS-PROD-1 Backup (no tiene gemelas suficientes)
[2026-03-07 15:38:00] 
[Grupo Veeam 65/98] MON-RPA-CLAROVENTAS-PROD-2 Backup
[2026-03-07 15:38:00]  PROTEGIDO: MON-RPA-CLAROVENTAS-PROD-2 Backup (no tiene gemelas suficientes)
[2026-03-07 15:38:00] 
[Grupo Veeam 66/98] MON-SMART-CONFIANZA-QA Backup
[2026-03-07 15:38:00]  PROTEGIDO: MON-SMART-CONFIANZA-QA Backup (no tiene gemelas suficientes)
[2026-03-07 15:38:00] 
[Grupo Veeam 67/98] MON-SMART-GM-PROD Backup
[2026-03-07 15:38:00]  PROTEGIDO: MON-SMART-GM-PROD Backup_1 (no tiene gemelas suficientes)
[2026-03-07 15:38:00] 
[Grupo Veeam 68/98] MON-SMART-GW1-SBS-PROD Backup
[2026-03-07 15:38:00]  PROTEGIDO: MON-SMART-GW1-SBS-PROD Backup_1 (no tiene gemelas suficientes)
[2026-03-07 15:38:00] 
[Grupo Veeam 69/98] MON-SMART-GW2-GMF-PROD Backup
[2026-03-07 15:38:00]  PROTEGIDO: MON-SMART-GW2-GMF-PROD Backup_1 (no tiene gemelas suficientes)
[2026-03-07 15:38:00] 
[Grupo Veeam 70/98] MON-SMART-GW3-CONFIANZA-PROD Backup
[2026-03-07 15:38:00]  PROTEGIDO: MON-SMART-GW3-CONFIANZA-PROD Backup_1 (no tiene gemelas suficientes)
[2026-03-07 15:38:00] 
[Grupo Veeam 71/98] MON-SMART-GWGMF-QA Backup
[2026-03-07 15:38:00]  PROTEGIDO: MON-SMART-GWGMF-QA Backup (no tiene gemelas suficientes)
[2026-03-07 15:38:00] 
[Grupo Veeam 72/98] MON-SMART-GWSBS-QA Backup
[2026-03-07 15:38:00]  PROTEGIDO: MON-SMART-GWSBS-QA Backup (no tiene gemelas suficientes)
[2026-03-07 15:38:00] 
[Grupo Veeam 73/98] MON-SMART-QA Backup
[2026-03-07 15:38:00]  PROTEGIDO: MON-SMART-QA Backup (no tiene gemelas suficientes)
[2026-03-07 15:38:00] 
[Grupo Veeam 74/98] MON-SMART_CONFIANZA-PROD_TF Backup
[2026-03-07 15:38:00]  PROTEGIDO: MON-SMART_CONFIANZA-PROD_TF Backup (no tiene gemelas suficientes)
[2026-03-07 15:38:00] 
[Grupo Veeam 75/98] MONT-AUTO-GOPASS Backup
[2026-03-07 15:38:00]  PROTEGIDO: MONT-AUTO-GOPASS Backup (no tiene gemelas suficientes)
[2026-03-07 15:38:00] 
[Grupo Veeam 76/98] MONT-AZDEVOPS_NODO1 Backup
[2026-03-07 15:38:00]  PROTEGIDO: MONT-AZDEVOPS_NODO1 Backup (no tiene gemelas suficientes)
[2026-03-07 15:38:00] 
[Grupo Veeam 77/98] MONT-AZDEVOPS_NODO2 Backup
[2026-03-07 15:38:00]  PROTEGIDO: MONT-AZDEVOPS_NODO2 Backup_1 (no tiene gemelas suficientes)
[2026-03-07 15:38:00] 
[Grupo Veeam 78/98] MONT-AZDEVOPS_NODO3 Backup
[2026-03-07 15:38:00]  PROTEGIDO: MONT-AZDEVOPS_NODO3 Backup (no tiene gemelas suficientes)
[2026-03-07 15:38:00] 
[Grupo Veeam 79/98] MONT-CLOUD-DEMO Backup
[2026-03-07 15:38:00]  PROTEGIDO: MONT-CLOUD-DEMO Backup (no tiene gemelas suficientes)
[2026-03-07 15:38:00] 
[Grupo Veeam 80/98] MONT-CLOUD-ETBSOUL Backup
[2026-03-07 15:38:00]  PROTEGIDO: MONT-CLOUD-ETBSOUL Backup (no tiene gemelas suficientes)
[2026-03-07 15:38:00] 
[Grupo Veeam 81/98] MONT-CLOUD-OMNICANALIDAD Backup
[2026-03-07 15:38:00]  PROTEGIDO: MONT-CLOUD-OMNICANALIDAD Backup (no tiene gemelas suficientes)
[2026-03-07 15:38:00] 
[Grupo Veeam 82/98] MONT-CLOUD-PROXY-PUBLICOS INTERNO Backup
[2026-03-07 15:38:00]  PROTEGIDO: MONT-CLOUD-PROXY-PUBLICOS INTERNO Backup (no tiene gemelas suficientes)
[2026-03-07 15:38:00] 
[Grupo Veeam 83/98] MONT-CLOUD_K8S_CORE Backup
[2026-03-07 15:38:00]  PROTEGIDO: MONT-CLOUD_K8S_CORE Backup (no tiene gemelas suficientes)
[2026-03-07 15:38:00] 
[Grupo Veeam 84/98] MONT-CLOUD_K8S_CORE_LEGACYNODE Backup
[2026-03-07 15:38:00]  PROTEGIDO: MONT-CLOUD_K8S_CORE_LEGACYNODE Backup (no tiene gemelas suficientes)
[2026-03-07 15:38:00] 
[Grupo Veeam 85/98] MONT-CLOUD_K8S_CORE_LEGACYNODE2 Backup
[2026-03-07 15:38:00]  PROTEGIDO: MONT-CLOUD_K8S_CORE_LEGACYNODE2 Backup (no tiene gemelas suficientes)
[2026-03-07 15:38:00] 
[Grupo Veeam 86/98] MONT-K8S-SOULAPPS_QA Backup
[2026-03-07 15:38:00]  PROTEGIDO: MONT-K8S-SOULAPPS_QA Backup (no tiene gemelas suficientes)
[2026-03-07 15:38:00] 
[Grupo Veeam 87/98] MONT-K8S-TEST2 Backup
[2026-03-07 15:38:00]  PROTEGIDO: MONT-K8S-TEST2 Backup (no tiene gemelas suficientes)
[2026-03-07 15:38:00] 
[Grupo Veeam 88/98] MONT-PROXY-IFX Backup
[2026-03-07 15:38:00]  PROTEGIDO: MONT-PROXY-IFX Backup (no tiene gemelas suficientes)
[2026-03-07 15:38:00] 
[Grupo Veeam 89/98] MONT-SBS_OFFICIAL-PROD Backup
[2026-03-07 15:38:00]  PROTEGIDO: MONT-SBS_OFFICIAL-PROD Backup (no tiene gemelas suficientes)
[2026-03-07 15:38:00] 
[Grupo Veeam 90/98] MONT-SBS_OFFICIAL-QA Backup
[2026-03-07 15:38:00]  PROTEGIDO: MONT-SBS_OFFICIAL-QA Backup (no tiene gemelas suficientes)
[2026-03-07 15:38:00] 
[Grupo Veeam 91/98] MONT-SOUL-PROD_NEW Backup
[2026-03-07 15:38:00]  PROTEGIDO: MONT-SOUL-PROD_NEW Backup (no tiene gemelas suficientes)
[2026-03-07 15:38:00] 
[Grupo Veeam 92/98] MON_DEV_PROD_PRE-EXPRESS-PROD Backup
[2026-03-07 15:38:00]  PROTEGIDO: MON_DEV_PROD_PRE-EXPRESS-PROD Backup_1 (no tiene gemelas suficientes)
[2026-03-07 15:38:00] 
[Grupo Veeam 93/98] OCS_INVENTORY_V2 Backup
[2026-03-07 15:38:00]  PROTEGIDO: OCS_INVENTORY_V2 Backup (no tiene gemelas suficientes)
[2026-03-07 15:38:00] 
[Grupo Veeam 94/98] PRUEBAS SONARQUBE DANIELA Backup
[2026-03-07 15:38:00]  PROTEGIDO: PRUEBAS SONARQUBE DANIELA Backup (no tiene gemelas suficientes)
[2026-03-07 15:38:00] 
[Grupo Veeam 95/98] Semilla Basica Backup
[2026-03-07 15:38:00]  PROTEGIDO: Semilla Basica Backup (no tiene gemelas suficientes)
[2026-03-07 15:38:00] 
[Grupo Veeam 96/98] veeam 13 Backup
[2026-03-07 15:38:00]  PROTEGIDO: veeam 13 Backup (no tiene gemelas suficientes)
[2026-03-07 15:38:00] 
[Grupo Veeam 97/98] VEEAM Backup
[2026-03-07 15:38:00]  PROTEGIDO: VEEAM Backup (no tiene gemelas suficientes)
[2026-03-07 15:38:00] 
[Grupo Veeam 98/98] WORDPRESS_NGINX_MICROSITES Backup
[2026-03-07 15:38:00]  PROTEGIDO: WORDPRESS_NGINX_MICROSITES Backup (no tiene gemelas suficientes)
[2026-03-07 15:38:00]  No se encontraron carpetas duplicadas para eliminar
[2026-03-07 15:39:32]  Buscando backups duplicados en: /backups
[2026-03-07 15:39:32]  Fuente de ruta: env
[2026-03-07 15:39:32]  Roots permitidos: /backups
[2026-03-07 15:39:32]  Estrategia: Eliminar backup MÁS ANTIGUO (protección inteligente)

[2026-03-07 15:39:32]  Hash desactivado: no se calcularán hashes de archivos (modo rápido)
[2026-03-07 15:39:32]  Modo: Veeam + genérico
[2026-03-07 15:39:32] 
[Grupo Veeam 1/98] COS-ALFRESCO DOCKER 7.2 Backup
[2026-03-07 15:39:32]  PROTEGIDO: COS-ALFRESCO DOCKER 7.2 Backup (no tiene gemelas suficientes)
[2026-03-07 15:39:32] 
[Grupo Veeam 2/98] COS-BIG BLUE BUTTON Backup
[2026-03-07 15:39:32]  PROTEGIDO: COS-BIG BLUE BUTTON Backup (no tiene gemelas suficientes)
[2026-03-07 15:39:32] 
[Grupo Veeam 3/98] COS-CVR_CENTRALIZADO Backup
[2026-03-07 15:39:32]  PROTEGIDO: COS-CVR_CENTRALIZADO Backup (no tiene gemelas suficientes)
[2026-03-07 15:39:32] 
[Grupo Veeam 4/98] COS-CVR_PROXY Backup
[2026-03-07 15:39:32]  PROTEGIDO: COS-CVR_PROXY Backup_1 (no tiene gemelas suficientes)
[2026-03-07 15:39:32] 
[Grupo Veeam 5/98] COS-INFRA-GLPI-New Backup
[2026-03-07 15:39:32]  PROTEGIDO: COS-INFRA-GLPI-New Backup_1 (no tiene gemelas suficientes)
[2026-03-07 15:39:32] 
[Grupo Veeam 6/98] COS-INFRA-OPENFIRE-UBUNTU Backup
[2026-03-07 15:39:32]  PROTEGIDO: COS-INFRA-OPENFIRE-UBUNTU Backup_1 (no tiene gemelas suficientes)
[2026-03-07 15:39:32] 
[Grupo Veeam 7/98] COS-INFRA-REPORTING-WS2019 Backup
[2026-03-07 15:39:32]  PROTEGIDO: COS-INFRA-REPORTING-WS2019 Backup_1 (no tiene gemelas suficientes)
[2026-03-07 15:39:32] 
[Grupo Veeam 8/98] COS-INFRA-WINSERVE_2019 Backup
[2026-03-07 15:39:32]  PROTEGIDO: COS-INFRA-WINSERVE_2019 Backup_1 (no tiene gemelas suficientes)
[2026-03-07 15:39:32] 
[Grupo Veeam 9/98] COS-INFRA_PRUEBAS_WSVR2019 Backup
[2026-03-07 15:39:32]  PROTEGIDO: COS-INFRA_PRUEBAS_WSVR2019 Backup_1 (no tiene gemelas suficientes)
[2026-03-07 15:39:32] 
[Grupo Veeam 10/98] COS-IT_UBUNTUSERVER Backup
[2026-03-07 15:39:32]  PROTEGIDO: COS-IT_UBUNTUSERVER Backup (no tiene gemelas suficientes)
[2026-03-07 15:39:32] 
[Grupo Veeam 11/98] COS-SOPORTE-WIN10_22h2 Backup
[2026-03-07 15:39:32]  PROTEGIDO: COS-SOPORTE-WIN10_22h2 Backup_1 (no tiene gemelas suficientes)
[2026-03-07 15:39:32] 
[Grupo Veeam 12/98] COS-WORKFORCE-PRUEBAS Backup
[2026-03-07 15:39:32]  PROTEGIDO: COS-WORKFORCE-PRUEBAS Backup_1 (no tiene gemelas suficientes)
[2026-03-07 15:39:32] 
[Grupo Veeam 13/98] frontcolas Backup
[2026-03-07 15:39:32]  PROTEGIDO: frontcolas Backup (no tiene gemelas suficientes)
[2026-03-07 15:39:32] 
[Grupo Veeam 14/98] JUZGADOS Backup
[2026-03-07 15:39:32]  PROTEGIDO: JUZGADOS Backup (no tiene gemelas suficientes)
[2026-03-07 15:39:32] 
[Grupo Veeam 15/98] MON-ASTERISK-VOICEBOT-PRODV2 Backup
[2026-03-07 15:39:32]  PROTEGIDO: MON-ASTERISK-VOICEBOT-PRODV2 Backup (no tiene gemelas suficientes)
[2026-03-07 15:39:32] 
[Grupo Veeam 16/98] MON-CLOUD-CARBONIO Backup
[2026-03-07 15:39:32]  PROTEGIDO: MON-CLOUD-CARBONIO Backup (no tiene gemelas suficientes)
[2026-03-07 15:39:32] 
[Grupo Veeam 17/98] MON-CLOUD-WIN_NOTIFICACIONES Backup
[2026-03-07 15:39:32]  PROTEGIDO: MON-CLOUD-WIN_NOTIFICACIONES Backup_1 (no tiene gemelas suficientes)
[2026-03-07 15:39:32] 
[Grupo Veeam 18/98] MON-CLOUD_EXPRESS_ISOLATED Backup
[2026-03-07 15:39:32]  PROTEGIDO: MON-CLOUD_EXPRESS_ISOLATED Backup (no tiene gemelas suficientes)
[2026-03-07 15:39:32] 
[Grupo Veeam 19/98] MON-CLUSTER_AUTENTICATION-Nodo2-now Backup
[2026-03-07 15:39:32]  PROTEGIDO: MON-CLUSTER_AUTENTICATION-Nodo2-now Backup (no tiene gemelas suficientes)
[2026-03-07 15:39:32] 
[Grupo Veeam 20/98] MON-CONFIANZA-GMF-PROD Backup
[2026-03-07 15:39:32]  PROTEGIDO: MON-CONFIANZA-GMF-PROD Backup_1 (no tiene gemelas suficientes)
[2026-03-07 15:39:32] 
[Grupo Veeam 21/98] MON-DBA-CARTERA-NODO-1-new Backup
[2026-03-07 15:39:32]  PROTEGIDO: MON-DBA-CARTERA-NODO-1-new Backup (no tiene gemelas suficientes)
[2026-03-07 15:39:32] 
[Grupo Veeam 22/98] MON-DBA-CLUSTER-RPA_1 Backup
[2026-03-07 15:39:32]  PROTEGIDO: MON-DBA-CLUSTER-RPA_1 Backup_1 (no tiene gemelas suficientes)
[2026-03-07 15:39:32] 
[Grupo Veeam 23/98] MON-DBA-CRM2_NODO_1 Backup
[2026-03-07 15:39:32]  PROTEGIDO: MON-DBA-CRM2_NODO_1 Backup (no tiene gemelas suficientes)
[2026-03-07 15:39:32] 
[Grupo Veeam 24/98] MON-DBA-MYSQL-MIOS1-PROD Backup
[2026-03-07 15:39:32]  PROTEGIDO: MON-DBA-MYSQL-MIOS1-PROD Backup_1 (no tiene gemelas suficientes)
[2026-03-07 15:39:32] 
[Grupo Veeam 25/98] MON-DBA-VOICEBOT Backup
[2026-03-07 15:39:32]  PROTEGIDO: MON-DBA-VOICEBOT Backup_1 (no tiene gemelas suficientes)
[2026-03-07 15:39:32] 
[Grupo Veeam 26/98] MON-DBA_APPMASTER_NODO1_PROD Backup
[2026-03-07 15:39:32]  PROTEGIDO: MON-DBA_APPMASTER_NODO1_PROD Backup (no tiene gemelas suficientes)
[2026-03-07 15:39:32] 
[Grupo Veeam 27/98] MON-DBA_BACKUP Backup
[2026-03-07 15:39:32]  PROTEGIDO: MON-DBA_BACKUP Backup (no tiene gemelas suficientes)
[2026-03-07 15:39:32] 
[Grupo Veeam 28/98] MON-DBA_POSTGRESQL_PROD Backup
[2026-03-07 15:39:32]  PROTEGIDO: MON-DBA_POSTGRESQL_PROD Backup_1 (no tiene gemelas suficientes)
[2026-03-07 15:39:32] 
[Grupo Veeam 29/98] MON-DEV-SOULCHAT-PROD Backup
[2026-03-07 15:39:32]  PROTEGIDO: MON-DEV-SOULCHAT-PROD Backup (no tiene gemelas suficientes)
[2026-03-07 15:39:32] 
[Grupo Veeam 30/98] MON-DEVOPS_BALANCER_MASTER Backup
[2026-03-07 15:39:32]  PROTEGIDO: MON-DEVOPS_BALANCER_MASTER Backup (no tiene gemelas suficientes)
[2026-03-07 15:39:32] 
[Grupo Veeam 31/98] MON-DEV_APPMASTER_PROJECTS_8.5-PROD Backup
[2026-03-07 15:39:32]  PROTEGIDO: MON-DEV_APPMASTER_PROJECTS_8.5-PROD Backup (no tiene gemelas suficientes)
[2026-03-07 15:39:32] 
[Grupo Veeam 32/98] MON-DEV_APPMASTER_PROJECTS_8.7-PROD1 Backup
[2026-03-07 15:39:32]  PROTEGIDO: MON-DEV_APPMASTER_PROJECTS_8.7-PROD1 Backup (no tiene gemelas suficientes)
[2026-03-07 15:39:32] 
[Grupo Veeam 33/98] MON-DEV_CARTERAS_PROD Backup
[2026-03-07 15:39:32]  PROTEGIDO: MON-DEV_CARTERAS_PROD Backup_1 (no tiene gemelas suficientes)
[2026-03-07 15:39:32] 
[Grupo Veeam 34/98] MON-DEV_CARTERAWOM-PROD Backup
[2026-03-07 15:39:32]  PROTEGIDO: MON-DEV_CARTERAWOM-PROD Backup_1 (no tiene gemelas suficientes)
[2026-03-07 15:39:32] 
[Grupo Veeam 35/98] MON-DEV_CENTOS_LARAVEL_PROD1 Backup
[2026-03-07 15:39:32]  PROTEGIDO: MON-DEV_CENTOS_LARAVEL_PROD1 Backup (no tiene gemelas suficientes)
[2026-03-07 15:39:32] 
[Grupo Veeam 36/98] MON-DEV_F5_NGINX_PLUS Backup
[2026-03-07 15:39:32]  PROTEGIDO: MON-DEV_F5_NGINX_PLUS Backup (no tiene gemelas suficientes)
[2026-03-07 15:39:32] 
[Grupo Veeam 37/98] MON-DEV_KUBE-RECORDS Backup
[2026-03-07 15:39:32]  PROTEGIDO: MON-DEV_KUBE-RECORDS Backup_1 (no tiene gemelas suficientes)
[2026-03-07 15:39:32] 
[Grupo Veeam 38/98] MON-DEV_MIOS_MICROSERVICES_PROD_DOCKERS_NUEVOS Backup
[2026-03-07 15:39:32]  PROTEGIDO: MON-DEV_MIOS_MICROSERVICES_PROD_DOCKERS_NUEVOS Backup_1 (no tiene gemelas suficientes)
[2026-03-07 15:39:32] 
[Grupo Veeam 39/98] MON-DEV_MIOS_MICROSERVICES_PROD_DOCKERS_NUEVOS_PRUEBA Backup
[2026-03-07 15:39:32]  PROTEGIDO: MON-DEV_MIOS_MICROSERVICES_PROD_DOCKERS_NUEVOS_PRUEBA Backup (no tiene gemelas suficientes)
[2026-03-07 15:39:32] 
[Grupo Veeam 40/98] MON-DEV_MIOS_MICROSERVICES_QUALITY1 Backup
[2026-03-07 15:39:32]  PROTEGIDO: MON-DEV_MIOS_MICROSERVICES_QUALITY1 Backup (no tiene gemelas suficientes)
[2026-03-07 15:39:32] 
[Grupo Veeam 41/98] MON-DEV_MIOS_MICROSERVICES_QUALITY_TF Backup
[2026-03-07 15:39:32]  PROTEGIDO: MON-DEV_MIOS_MICROSERVICES_QUALITY_TF Backup (no tiene gemelas suficientes)
[2026-03-07 15:39:32] 
[Grupo Veeam 42/98] MON-DEV_MIOS_VICIDIAL_PROD Backup
[2026-03-07 15:39:32]  PROTEGIDO: MON-DEV_MIOS_VICIDIAL_PROD Backup_1 (no tiene gemelas suficientes)
[2026-03-07 15:39:32] 
[Grupo Veeam 43/98] MON-DEV_PROD_APPMASTER_3-PROD Backup
[2026-03-07 15:39:32]  PROTEGIDO: MON-DEV_PROD_APPMASTER_3-PROD Backup (no tiene gemelas suficientes)
[2026-03-07 15:39:32] 
[Grupo Veeam 44/98] MON-DEV_PROD_APPMASTER_4-prod Backup
[2026-03-07 15:39:32]  PROTEGIDO: MON-DEV_PROD_APPMASTER_4-prod Backup (no tiene gemelas suficientes)
[2026-03-07 15:39:32] 
[Grupo Veeam 45/98] MON-DEV_RP_WEB_SERVICES-PROD Backup
[2026-03-07 15:39:32]  PROTEGIDO: MON-DEV_RP_WEB_SERVICES-PROD Backup_1 (no tiene gemelas suficientes)
[2026-03-07 15:39:32] 
[Grupo Veeam 46/98] MON-DEV_RRHH-PROD Backup
[2026-03-07 15:39:32]  PROTEGIDO: MON-DEV_RRHH-PROD Backup (no tiene gemelas suficientes)
[2026-03-07 15:39:32] 
[Grupo Veeam 47/98] MON-DEV_VICIDIAL_MARCADOR2 Backup
[2026-03-07 15:39:32]  PROTEGIDO: MON-DEV_VICIDIAL_MARCADOR2 Backup_1 (no tiene gemelas suficientes)
[2026-03-07 15:39:32] 
[Grupo Veeam 48/98] MON-DEV_VICIDIAL_MASTER Backup
[2026-03-07 15:39:32]  PROTEGIDO: MON-DEV_VICIDIAL_MASTER Backup_1 (no tiene gemelas suficientes)
[2026-03-07 15:39:32] 
[Grupo Veeam 49/98] MON-DEV_VICIDIAL_NODO3 Backup
[2026-03-07 15:39:32]  PROTEGIDO: MON-DEV_VICIDIAL_NODO3 Backup_1 (no tiene gemelas suficientes)
[2026-03-07 15:39:32] 
[Grupo Veeam 50/98] MON-DEV_VICIDIAL_WEB-RTC Backup
[2026-03-07 15:39:32]  PROTEGIDO: MON-DEV_VICIDIAL_WEB-RTC Backup_1 (no tiene gemelas suficientes)
[2026-03-07 15:39:32] 
[Grupo Veeam 51/98] MON-DEV_VivamosHumanosWP Backup
[2026-03-07 15:39:32]  PROTEGIDO: MON-DEV_VivamosHumanosWP Backup_1 (no tiene gemelas suficientes)
[2026-03-07 15:39:32] 
[Grupo Veeam 52/98] MON-DEV_WIN10_CORREO_SBS Backup
[2026-03-07 15:39:32]  PROTEGIDO: MON-DEV_WIN10_CORREO_SBS Backup_1 (no tiene gemelas suficientes)
[2026-03-07 15:39:32] 
[Grupo Veeam 53/98] MON-DEV_WIN10_NEW_SBS_INBOUND Backup
[2026-03-07 15:39:32]  PROTEGIDO: MON-DEV_WIN10_NEW_SBS_INBOUND Backup_1 (no tiene gemelas suficientes)
[2026-03-07 15:39:32] 
[Grupo Veeam 54/98] MON-DEV_WIN10_RECOVER_TOP_ETB Backup
[2026-03-07 15:39:32]  PROTEGIDO: MON-DEV_WIN10_RECOVER_TOP_ETB Backup_1 (no tiene gemelas suficientes)
[2026-03-07 15:39:32] 
[Grupo Veeam 55/98] MON-DEV_WINDOWS_CRM_EXPRESS Backup
[2026-03-07 15:39:32]  PROTEGIDO: MON-DEV_WINDOWS_CRM_EXPRESS Backup_1 (no tiene gemelas suficientes)
[2026-03-07 15:39:32] 
[Grupo Veeam 56/98] MON-GLPI-PROD Backup
[2026-03-07 15:39:32]  PROTEGIDO: MON-GLPI-PROD Backup_1 (no tiene gemelas suficientes)
[2026-03-07 15:39:32] 
[Grupo Veeam 57/98] MON-GLPI_CONTACTO-PROD Backup
[2026-03-07 15:39:32]  PROTEGIDO: MON-GLPI_CONTACTO-PROD Backup_1 (no tiene gemelas suficientes)
[2026-03-07 15:39:32] 
[Grupo Veeam 58/98] MON-JITSI-PROD Backup
[2026-03-07 15:39:32]  PROTEGIDO: MON-JITSI-PROD Backup_1 (no tiene gemelas suficientes)
[2026-03-07 15:39:32] 
[Grupo Veeam 59/98] MON-MICROSERVICES-DOCKERS-QA Backup
[2026-03-07 15:39:32]  PROTEGIDO: MON-MICROSERVICES-DOCKERS-QA Backup (no tiene gemelas suficientes)
[2026-03-07 15:39:32] 
[Grupo Veeam 60/98] MON-MIOS1_PROD Backup
[2026-03-07 15:39:32]  PROTEGIDO: MON-MIOS1_PROD Backup_1 (no tiene gemelas suficientes)
[2026-03-07 15:39:32] 
[Grupo Veeam 61/98] MON-MYSQL-QA Backup
[2026-03-07 15:39:32]  PROTEGIDO: MON-MYSQL-QA Backup (no tiene gemelas suficientes)
[2026-03-07 15:39:32] 
[Grupo Veeam 62/98] MON-OMNICHANNEL_CENTOS_DASHBOTS_87-PROD Backup
[2026-03-07 15:39:32]  PROTEGIDO: MON-OMNICHANNEL_CENTOS_DASHBOTS_87-PROD Backup_1 (no tiene gemelas suficientes)
[2026-03-07 15:39:32] 
[Grupo Veeam 63/98] MON-QA-TESTLINK Backup
[2026-03-07 15:39:32]  PROTEGIDO: MON-QA-TESTLINK Backup (no tiene gemelas suficientes)
[2026-03-07 15:39:32] 
[Grupo Veeam 64/98] MON-RPA-CLAROVENTAS-PROD-1 Backup
[2026-03-07 15:39:32]  PROTEGIDO: MON-RPA-CLAROVENTAS-PROD-1 Backup (no tiene gemelas suficientes)
[2026-03-07 15:39:32] 
[Grupo Veeam 65/98] MON-RPA-CLAROVENTAS-PROD-2 Backup
[2026-03-07 15:39:32]  PROTEGIDO: MON-RPA-CLAROVENTAS-PROD-2 Backup (no tiene gemelas suficientes)
[2026-03-07 15:39:32] 
[Grupo Veeam 66/98] MON-SMART-CONFIANZA-QA Backup
[2026-03-07 15:39:32]  PROTEGIDO: MON-SMART-CONFIANZA-QA Backup (no tiene gemelas suficientes)
[2026-03-07 15:39:32] 
[Grupo Veeam 67/98] MON-SMART-GM-PROD Backup
[2026-03-07 15:39:32]  PROTEGIDO: MON-SMART-GM-PROD Backup_1 (no tiene gemelas suficientes)
[2026-03-07 15:39:32] 
[Grupo Veeam 68/98] MON-SMART-GW1-SBS-PROD Backup
[2026-03-07 15:39:32]  PROTEGIDO: MON-SMART-GW1-SBS-PROD Backup_1 (no tiene gemelas suficientes)
[2026-03-07 15:39:32] 
[Grupo Veeam 69/98] MON-SMART-GW2-GMF-PROD Backup
[2026-03-07 15:39:32]  PROTEGIDO: MON-SMART-GW2-GMF-PROD Backup_1 (no tiene gemelas suficientes)
[2026-03-07 15:39:32] 
[Grupo Veeam 70/98] MON-SMART-GW3-CONFIANZA-PROD Backup
[2026-03-07 15:39:32]  PROTEGIDO: MON-SMART-GW3-CONFIANZA-PROD Backup_1 (no tiene gemelas suficientes)
[2026-03-07 15:39:32] 
[Grupo Veeam 71/98] MON-SMART-GWGMF-QA Backup
[2026-03-07 15:39:32]  PROTEGIDO: MON-SMART-GWGMF-QA Backup (no tiene gemelas suficientes)
[2026-03-07 15:39:32] 
[Grupo Veeam 72/98] MON-SMART-GWSBS-QA Backup
[2026-03-07 15:39:32]  PROTEGIDO: MON-SMART-GWSBS-QA Backup (no tiene gemelas suficientes)
[2026-03-07 15:39:32] 
[Grupo Veeam 73/98] MON-SMART-QA Backup
[2026-03-07 15:39:32]  PROTEGIDO: MON-SMART-QA Backup (no tiene gemelas suficientes)
[2026-03-07 15:39:32] 
[Grupo Veeam 74/98] MON-SMART_CONFIANZA-PROD_TF Backup
[2026-03-07 15:39:32]  PROTEGIDO: MON-SMART_CONFIANZA-PROD_TF Backup (no tiene gemelas suficientes)
[2026-03-07 15:39:32] 
[Grupo Veeam 75/98] MONT-AUTO-GOPASS Backup
[2026-03-07 15:39:32]  PROTEGIDO: MONT-AUTO-GOPASS Backup (no tiene gemelas suficientes)
[2026-03-07 15:39:32] 
[Grupo Veeam 76/98] MONT-AZDEVOPS_NODO1 Backup
[2026-03-07 15:39:32]  PROTEGIDO: MONT-AZDEVOPS_NODO1 Backup (no tiene gemelas suficientes)
[2026-03-07 15:39:32] 
[Grupo Veeam 77/98] MONT-AZDEVOPS_NODO2 Backup
[2026-03-07 15:39:32]  PROTEGIDO: MONT-AZDEVOPS_NODO2 Backup_1 (no tiene gemelas suficientes)
[2026-03-07 15:39:32] 
[Grupo Veeam 78/98] MONT-AZDEVOPS_NODO3 Backup
[2026-03-07 15:39:32]  PROTEGIDO: MONT-AZDEVOPS_NODO3 Backup (no tiene gemelas suficientes)
[2026-03-07 15:39:32] 
[Grupo Veeam 79/98] MONT-CLOUD-DEMO Backup
[2026-03-07 15:39:32]  PROTEGIDO: MONT-CLOUD-DEMO Backup (no tiene gemelas suficientes)
[2026-03-07 15:39:32] 
[Grupo Veeam 80/98] MONT-CLOUD-ETBSOUL Backup
[2026-03-07 15:39:32]  PROTEGIDO: MONT-CLOUD-ETBSOUL Backup (no tiene gemelas suficientes)
[2026-03-07 15:39:32] 
[Grupo Veeam 81/98] MONT-CLOUD-OMNICANALIDAD Backup
[2026-03-07 15:39:32]  PROTEGIDO: MONT-CLOUD-OMNICANALIDAD Backup (no tiene gemelas suficientes)
[2026-03-07 15:39:32] 
[Grupo Veeam 82/98] MONT-CLOUD-PROXY-PUBLICOS INTERNO Backup
[2026-03-07 15:39:32]  PROTEGIDO: MONT-CLOUD-PROXY-PUBLICOS INTERNO Backup (no tiene gemelas suficientes)
[2026-03-07 15:39:32] 
[Grupo Veeam 83/98] MONT-CLOUD_K8S_CORE Backup
[2026-03-07 15:39:32]  PROTEGIDO: MONT-CLOUD_K8S_CORE Backup (no tiene gemelas suficientes)
[2026-03-07 15:39:32] 
[Grupo Veeam 84/98] MONT-CLOUD_K8S_CORE_LEGACYNODE Backup
[2026-03-07 15:39:32]  PROTEGIDO: MONT-CLOUD_K8S_CORE_LEGACYNODE Backup (no tiene gemelas suficientes)
[2026-03-07 15:39:32] 
[Grupo Veeam 85/98] MONT-CLOUD_K8S_CORE_LEGACYNODE2 Backup
[2026-03-07 15:39:32]  PROTEGIDO: MONT-CLOUD_K8S_CORE_LEGACYNODE2 Backup (no tiene gemelas suficientes)
[2026-03-07 15:39:32] 
[Grupo Veeam 86/98] MONT-K8S-SOULAPPS_QA Backup
[2026-03-07 15:39:32]  PROTEGIDO: MONT-K8S-SOULAPPS_QA Backup (no tiene gemelas suficientes)
[2026-03-07 15:39:32] 
[Grupo Veeam 87/98] MONT-K8S-TEST2 Backup
[2026-03-07 15:39:32]  PROTEGIDO: MONT-K8S-TEST2 Backup (no tiene gemelas suficientes)
[2026-03-07 15:39:32] 
[Grupo Veeam 88/98] MONT-PROXY-IFX Backup
[2026-03-07 15:39:32]  PROTEGIDO: MONT-PROXY-IFX Backup (no tiene gemelas suficientes)
[2026-03-07 15:39:32] 
[Grupo Veeam 89/98] MONT-SBS_OFFICIAL-PROD Backup
[2026-03-07 15:39:32]  PROTEGIDO: MONT-SBS_OFFICIAL-PROD Backup (no tiene gemelas suficientes)
[2026-03-07 15:39:32] 
[Grupo Veeam 90/98] MONT-SBS_OFFICIAL-QA Backup
[2026-03-07 15:39:32]  PROTEGIDO: MONT-SBS_OFFICIAL-QA Backup (no tiene gemelas suficientes)
[2026-03-07 15:39:32] 
[Grupo Veeam 91/98] MONT-SOUL-PROD_NEW Backup
[2026-03-07 15:39:32]  PROTEGIDO: MONT-SOUL-PROD_NEW Backup (no tiene gemelas suficientes)
[2026-03-07 15:39:32] 
[Grupo Veeam 92/98] MON_DEV_PROD_PRE-EXPRESS-PROD Backup
[2026-03-07 15:39:32]  PROTEGIDO: MON_DEV_PROD_PRE-EXPRESS-PROD Backup_1 (no tiene gemelas suficientes)
[2026-03-07 15:39:32] 
[Grupo Veeam 93/98] OCS_INVENTORY_V2 Backup
[2026-03-07 15:39:32]  PROTEGIDO: OCS_INVENTORY_V2 Backup (no tiene gemelas suficientes)
[2026-03-07 15:39:32] 
[Grupo Veeam 94/98] PRUEBAS SONARQUBE DANIELA Backup
[2026-03-07 15:39:32]  PROTEGIDO: PRUEBAS SONARQUBE DANIELA Backup (no tiene gemelas suficientes)
[2026-03-07 15:39:32] 
[Grupo Veeam 95/98] Semilla Basica Backup
[2026-03-07 15:39:32]  PROTEGIDO: Semilla Basica Backup (no tiene gemelas suficientes)
[2026-03-07 15:39:32] 
[Grupo Veeam 96/98] veeam 13 Backup
[2026-03-07 15:39:32]  PROTEGIDO: veeam 13 Backup (no tiene gemelas suficientes)
[2026-03-07 15:39:32] 
[Grupo Veeam 97/98] VEEAM Backup
[2026-03-07 15:39:32]  PROTEGIDO: VEEAM Backup (no tiene gemelas suficientes)
[2026-03-07 15:39:32] 
[Grupo Veeam 98/98] WORDPRESS_NGINX_MICROSITES Backup
[2026-03-07 15:39:32]  PROTEGIDO: WORDPRESS_NGINX_MICROSITES Backup (no tiene gemelas suficientes)
[2026-03-07 15:39:32]  No se encontraron carpetas duplicadas para eliminar
[2026-03-07 15:44:38]  Buscando backups duplicados en: /backups
[2026-03-07 15:44:38]  Fuente de ruta: env
[2026-03-07 15:44:38]  Roots permitidos: /backups
[2026-03-07 15:44:38]  Estrategia: Eliminar backup MÁS ANTIGUO (protección inteligente)

[2026-03-07 15:44:38]  Hash desactivado: no se calcularán hashes de archivos (modo rápido)
[2026-03-07 15:44:38]  Modo: Veeam + genérico
[2026-03-07 15:44:38] 
[Grupo Veeam 1/98] COS-ALFRESCO DOCKER 7.2 Backup
[2026-03-07 15:44:38]  PROTEGIDO: COS-ALFRESCO DOCKER 7.2 Backup (no tiene gemelas suficientes)
[2026-03-07 15:44:38] 
[Grupo Veeam 2/98] COS-BIG BLUE BUTTON Backup
[2026-03-07 15:44:38]  PROTEGIDO: COS-BIG BLUE BUTTON Backup (no tiene gemelas suficientes)
[2026-03-07 15:44:38] 
[Grupo Veeam 3/98] COS-CVR_CENTRALIZADO Backup
[2026-03-07 15:44:38]  PROTEGIDO: COS-CVR_CENTRALIZADO Backup (no tiene gemelas suficientes)
[2026-03-07 15:44:38] 
[Grupo Veeam 4/98] COS-CVR_PROXY Backup
[2026-03-07 15:44:38]  PROTEGIDO: COS-CVR_PROXY Backup_1 (no tiene gemelas suficientes)
[2026-03-07 15:44:38] 
[Grupo Veeam 5/98] COS-INFRA-GLPI-New Backup
[2026-03-07 15:44:38]  PROTEGIDO: COS-INFRA-GLPI-New Backup_1 (no tiene gemelas suficientes)
[2026-03-07 15:44:38] 
[Grupo Veeam 6/98] COS-INFRA-OPENFIRE-UBUNTU Backup
[2026-03-07 15:44:38]  PROTEGIDO: COS-INFRA-OPENFIRE-UBUNTU Backup_1 (no tiene gemelas suficientes)
[2026-03-07 15:44:38] 
[Grupo Veeam 7/98] COS-INFRA-REPORTING-WS2019 Backup
[2026-03-07 15:44:38]  PROTEGIDO: COS-INFRA-REPORTING-WS2019 Backup_1 (no tiene gemelas suficientes)
[2026-03-07 15:44:38] 
[Grupo Veeam 8/98] COS-INFRA-WINSERVE_2019 Backup
[2026-03-07 15:44:38]  PROTEGIDO: COS-INFRA-WINSERVE_2019 Backup_1 (no tiene gemelas suficientes)
[2026-03-07 15:44:38] 
[Grupo Veeam 9/98] COS-INFRA_PRUEBAS_WSVR2019 Backup
[2026-03-07 15:44:38]  PROTEGIDO: COS-INFRA_PRUEBAS_WSVR2019 Backup_1 (no tiene gemelas suficientes)
[2026-03-07 15:44:38] 
[Grupo Veeam 10/98] COS-IT_UBUNTUSERVER Backup
[2026-03-07 15:44:38]  PROTEGIDO: COS-IT_UBUNTUSERVER Backup (no tiene gemelas suficientes)
[2026-03-07 15:44:38] 
[Grupo Veeam 11/98] COS-SOPORTE-WIN10_22h2 Backup
[2026-03-07 15:44:38]  PROTEGIDO: COS-SOPORTE-WIN10_22h2 Backup_1 (no tiene gemelas suficientes)
[2026-03-07 15:44:38] 
[Grupo Veeam 12/98] COS-WORKFORCE-PRUEBAS Backup
[2026-03-07 15:44:38]  PROTEGIDO: COS-WORKFORCE-PRUEBAS Backup_1 (no tiene gemelas suficientes)
[2026-03-07 15:44:38] 
[Grupo Veeam 13/98] frontcolas Backup
[2026-03-07 15:44:38]  PROTEGIDO: frontcolas Backup (no tiene gemelas suficientes)
[2026-03-07 15:44:38] 
[Grupo Veeam 14/98] JUZGADOS Backup
[2026-03-07 15:44:38]  PROTEGIDO: JUZGADOS Backup (no tiene gemelas suficientes)
[2026-03-07 15:44:38] 
[Grupo Veeam 15/98] MON-ASTERISK-VOICEBOT-PRODV2 Backup
[2026-03-07 15:44:38]  PROTEGIDO: MON-ASTERISK-VOICEBOT-PRODV2 Backup (no tiene gemelas suficientes)
[2026-03-07 15:44:38] 
[Grupo Veeam 16/98] MON-CLOUD-CARBONIO Backup
[2026-03-07 15:44:38]  PROTEGIDO: MON-CLOUD-CARBONIO Backup (no tiene gemelas suficientes)
[2026-03-07 15:44:38] 
[Grupo Veeam 17/98] MON-CLOUD-WIN_NOTIFICACIONES Backup
[2026-03-07 15:44:38]  PROTEGIDO: MON-CLOUD-WIN_NOTIFICACIONES Backup_1 (no tiene gemelas suficientes)
[2026-03-07 15:44:38] 
[Grupo Veeam 18/98] MON-CLOUD_EXPRESS_ISOLATED Backup
[2026-03-07 15:44:38]  PROTEGIDO: MON-CLOUD_EXPRESS_ISOLATED Backup (no tiene gemelas suficientes)
[2026-03-07 15:44:38] 
[Grupo Veeam 19/98] MON-CLUSTER_AUTENTICATION-Nodo2-now Backup
[2026-03-07 15:44:38]  PROTEGIDO: MON-CLUSTER_AUTENTICATION-Nodo2-now Backup (no tiene gemelas suficientes)
[2026-03-07 15:44:38] 
[Grupo Veeam 20/98] MON-CONFIANZA-GMF-PROD Backup
[2026-03-07 15:44:38]  PROTEGIDO: MON-CONFIANZA-GMF-PROD Backup_1 (no tiene gemelas suficientes)
[2026-03-07 15:44:38] 
[Grupo Veeam 21/98] MON-DBA-CARTERA-NODO-1-new Backup
[2026-03-07 15:44:38]  PROTEGIDO: MON-DBA-CARTERA-NODO-1-new Backup (no tiene gemelas suficientes)
[2026-03-07 15:44:38] 
[Grupo Veeam 22/98] MON-DBA-CLUSTER-RPA_1 Backup
[2026-03-07 15:44:38]  PROTEGIDO: MON-DBA-CLUSTER-RPA_1 Backup_1 (no tiene gemelas suficientes)
[2026-03-07 15:44:38] 
[Grupo Veeam 23/98] MON-DBA-CRM2_NODO_1 Backup
[2026-03-07 15:44:38]  PROTEGIDO: MON-DBA-CRM2_NODO_1 Backup (no tiene gemelas suficientes)
[2026-03-07 15:44:38] 
[Grupo Veeam 24/98] MON-DBA-MYSQL-MIOS1-PROD Backup
[2026-03-07 15:44:38]  PROTEGIDO: MON-DBA-MYSQL-MIOS1-PROD Backup_1 (no tiene gemelas suficientes)
[2026-03-07 15:44:38] 
[Grupo Veeam 25/98] MON-DBA-VOICEBOT Backup
[2026-03-07 15:44:38]  PROTEGIDO: MON-DBA-VOICEBOT Backup_1 (no tiene gemelas suficientes)
[2026-03-07 15:44:38] 
[Grupo Veeam 26/98] MON-DBA_APPMASTER_NODO1_PROD Backup
[2026-03-07 15:44:38]  PROTEGIDO: MON-DBA_APPMASTER_NODO1_PROD Backup (no tiene gemelas suficientes)
[2026-03-07 15:44:38] 
[Grupo Veeam 27/98] MON-DBA_BACKUP Backup
[2026-03-07 15:44:38]  PROTEGIDO: MON-DBA_BACKUP Backup (no tiene gemelas suficientes)
[2026-03-07 15:44:38] 
[Grupo Veeam 28/98] MON-DBA_POSTGRESQL_PROD Backup
[2026-03-07 15:44:38]  PROTEGIDO: MON-DBA_POSTGRESQL_PROD Backup_1 (no tiene gemelas suficientes)
[2026-03-07 15:44:38] 
[Grupo Veeam 29/98] MON-DEV-SOULCHAT-PROD Backup
[2026-03-07 15:44:38]  PROTEGIDO: MON-DEV-SOULCHAT-PROD Backup (no tiene gemelas suficientes)
[2026-03-07 15:44:38] 
[Grupo Veeam 30/98] MON-DEVOPS_BALANCER_MASTER Backup
[2026-03-07 15:44:38]  PROTEGIDO: MON-DEVOPS_BALANCER_MASTER Backup (no tiene gemelas suficientes)
[2026-03-07 15:44:38] 
[Grupo Veeam 31/98] MON-DEV_APPMASTER_PROJECTS_8.5-PROD Backup
[2026-03-07 15:44:38]  PROTEGIDO: MON-DEV_APPMASTER_PROJECTS_8.5-PROD Backup (no tiene gemelas suficientes)
[2026-03-07 15:44:38] 
[Grupo Veeam 32/98] MON-DEV_APPMASTER_PROJECTS_8.7-PROD1 Backup
[2026-03-07 15:44:38]  PROTEGIDO: MON-DEV_APPMASTER_PROJECTS_8.7-PROD1 Backup (no tiene gemelas suficientes)
[2026-03-07 15:44:38] 
[Grupo Veeam 33/98] MON-DEV_CARTERAS_PROD Backup
[2026-03-07 15:44:38]  PROTEGIDO: MON-DEV_CARTERAS_PROD Backup_1 (no tiene gemelas suficientes)
[2026-03-07 15:44:38] 
[Grupo Veeam 34/98] MON-DEV_CARTERAWOM-PROD Backup
[2026-03-07 15:44:38]  PROTEGIDO: MON-DEV_CARTERAWOM-PROD Backup_1 (no tiene gemelas suficientes)
[2026-03-07 15:44:38] 
[Grupo Veeam 35/98] MON-DEV_CENTOS_LARAVEL_PROD1 Backup
[2026-03-07 15:44:38]  PROTEGIDO: MON-DEV_CENTOS_LARAVEL_PROD1 Backup (no tiene gemelas suficientes)
[2026-03-07 15:44:38] 
[Grupo Veeam 36/98] MON-DEV_F5_NGINX_PLUS Backup
[2026-03-07 15:44:38]  PROTEGIDO: MON-DEV_F5_NGINX_PLUS Backup (no tiene gemelas suficientes)
[2026-03-07 15:44:38] 
[Grupo Veeam 37/98] MON-DEV_KUBE-RECORDS Backup
[2026-03-07 15:44:38]  PROTEGIDO: MON-DEV_KUBE-RECORDS Backup_1 (no tiene gemelas suficientes)
[2026-03-07 15:44:38] 
[Grupo Veeam 38/98] MON-DEV_MIOS_MICROSERVICES_PROD_DOCKERS_NUEVOS Backup
[2026-03-07 15:44:38]  PROTEGIDO: MON-DEV_MIOS_MICROSERVICES_PROD_DOCKERS_NUEVOS Backup_1 (no tiene gemelas suficientes)
[2026-03-07 15:44:38] 
[Grupo Veeam 39/98] MON-DEV_MIOS_MICROSERVICES_PROD_DOCKERS_NUEVOS_PRUEBA Backup
[2026-03-07 15:44:38]  PROTEGIDO: MON-DEV_MIOS_MICROSERVICES_PROD_DOCKERS_NUEVOS_PRUEBA Backup (no tiene gemelas suficientes)
[2026-03-07 15:44:38] 
[Grupo Veeam 40/98] MON-DEV_MIOS_MICROSERVICES_QUALITY1 Backup
[2026-03-07 15:44:38]  PROTEGIDO: MON-DEV_MIOS_MICROSERVICES_QUALITY1 Backup (no tiene gemelas suficientes)
[2026-03-07 15:44:38] 
[Grupo Veeam 41/98] MON-DEV_MIOS_MICROSERVICES_QUALITY_TF Backup
[2026-03-07 15:44:38]  PROTEGIDO: MON-DEV_MIOS_MICROSERVICES_QUALITY_TF Backup (no tiene gemelas suficientes)
[2026-03-07 15:44:38] 
[Grupo Veeam 42/98] MON-DEV_MIOS_VICIDIAL_PROD Backup
[2026-03-07 15:44:38]  PROTEGIDO: MON-DEV_MIOS_VICIDIAL_PROD Backup_1 (no tiene gemelas suficientes)
[2026-03-07 15:44:38] 
[Grupo Veeam 43/98] MON-DEV_PROD_APPMASTER_3-PROD Backup
[2026-03-07 15:44:38]  PROTEGIDO: MON-DEV_PROD_APPMASTER_3-PROD Backup (no tiene gemelas suficientes)
[2026-03-07 15:44:38] 
[Grupo Veeam 44/98] MON-DEV_PROD_APPMASTER_4-prod Backup
[2026-03-07 15:44:38]  PROTEGIDO: MON-DEV_PROD_APPMASTER_4-prod Backup (no tiene gemelas suficientes)
[2026-03-07 15:44:38] 
[Grupo Veeam 45/98] MON-DEV_RP_WEB_SERVICES-PROD Backup
[2026-03-07 15:44:38]  PROTEGIDO: MON-DEV_RP_WEB_SERVICES-PROD Backup_1 (no tiene gemelas suficientes)
[2026-03-07 15:44:38] 
[Grupo Veeam 46/98] MON-DEV_RRHH-PROD Backup
[2026-03-07 15:44:38]  PROTEGIDO: MON-DEV_RRHH-PROD Backup (no tiene gemelas suficientes)
[2026-03-07 15:44:38] 
[Grupo Veeam 47/98] MON-DEV_VICIDIAL_MARCADOR2 Backup
[2026-03-07 15:44:38]  PROTEGIDO: MON-DEV_VICIDIAL_MARCADOR2 Backup_1 (no tiene gemelas suficientes)
[2026-03-07 15:44:38] 
[Grupo Veeam 48/98] MON-DEV_VICIDIAL_MASTER Backup
[2026-03-07 15:44:38]  PROTEGIDO: MON-DEV_VICIDIAL_MASTER Backup_1 (no tiene gemelas suficientes)
[2026-03-07 15:44:38] 
[Grupo Veeam 49/98] MON-DEV_VICIDIAL_NODO3 Backup
[2026-03-07 15:44:38]  PROTEGIDO: MON-DEV_VICIDIAL_NODO3 Backup_1 (no tiene gemelas suficientes)
[2026-03-07 15:44:38] 
[Grupo Veeam 50/98] MON-DEV_VICIDIAL_WEB-RTC Backup
[2026-03-07 15:44:38]  PROTEGIDO: MON-DEV_VICIDIAL_WEB-RTC Backup_1 (no tiene gemelas suficientes)
[2026-03-07 15:44:38] 
[Grupo Veeam 51/98] MON-DEV_VivamosHumanosWP Backup
[2026-03-07 15:44:38]  PROTEGIDO: MON-DEV_VivamosHumanosWP Backup_1 (no tiene gemelas suficientes)
[2026-03-07 15:44:38] 
[Grupo Veeam 52/98] MON-DEV_WIN10_CORREO_SBS Backup
[2026-03-07 15:44:38]  PROTEGIDO: MON-DEV_WIN10_CORREO_SBS Backup_1 (no tiene gemelas suficientes)
[2026-03-07 15:44:38] 
[Grupo Veeam 53/98] MON-DEV_WIN10_NEW_SBS_INBOUND Backup
[2026-03-07 15:44:38]  PROTEGIDO: MON-DEV_WIN10_NEW_SBS_INBOUND Backup_1 (no tiene gemelas suficientes)
[2026-03-07 15:44:38] 
[Grupo Veeam 54/98] MON-DEV_WIN10_RECOVER_TOP_ETB Backup
[2026-03-07 15:44:38]  PROTEGIDO: MON-DEV_WIN10_RECOVER_TOP_ETB Backup_1 (no tiene gemelas suficientes)
[2026-03-07 15:44:38] 
[Grupo Veeam 55/98] MON-DEV_WINDOWS_CRM_EXPRESS Backup
[2026-03-07 15:44:38]  PROTEGIDO: MON-DEV_WINDOWS_CRM_EXPRESS Backup_1 (no tiene gemelas suficientes)
[2026-03-07 15:44:38] 
[Grupo Veeam 56/98] MON-GLPI-PROD Backup
[2026-03-07 15:44:39]  PROTEGIDO: MON-GLPI-PROD Backup_1 (no tiene gemelas suficientes)
[2026-03-07 15:44:39] 
[Grupo Veeam 57/98] MON-GLPI_CONTACTO-PROD Backup
[2026-03-07 15:44:39]  PROTEGIDO: MON-GLPI_CONTACTO-PROD Backup_1 (no tiene gemelas suficientes)
[2026-03-07 15:44:39] 
[Grupo Veeam 58/98] MON-JITSI-PROD Backup
[2026-03-07 15:44:39]  PROTEGIDO: MON-JITSI-PROD Backup_1 (no tiene gemelas suficientes)
[2026-03-07 15:44:39] 
[Grupo Veeam 59/98] MON-MICROSERVICES-DOCKERS-QA Backup
[2026-03-07 15:44:39]  PROTEGIDO: MON-MICROSERVICES-DOCKERS-QA Backup (no tiene gemelas suficientes)
[2026-03-07 15:44:39] 
[Grupo Veeam 60/98] MON-MIOS1_PROD Backup
[2026-03-07 15:44:39]  PROTEGIDO: MON-MIOS1_PROD Backup_1 (no tiene gemelas suficientes)
[2026-03-07 15:44:39] 
[Grupo Veeam 61/98] MON-MYSQL-QA Backup
[2026-03-07 15:44:39]  PROTEGIDO: MON-MYSQL-QA Backup (no tiene gemelas suficientes)
[2026-03-07 15:44:39] 
[Grupo Veeam 62/98] MON-OMNICHANNEL_CENTOS_DASHBOTS_87-PROD Backup
[2026-03-07 15:44:39]  PROTEGIDO: MON-OMNICHANNEL_CENTOS_DASHBOTS_87-PROD Backup_1 (no tiene gemelas suficientes)
[2026-03-07 15:44:39] 
[Grupo Veeam 63/98] MON-QA-TESTLINK Backup
[2026-03-07 15:44:39]  PROTEGIDO: MON-QA-TESTLINK Backup (no tiene gemelas suficientes)
[2026-03-07 15:44:39] 
[Grupo Veeam 64/98] MON-RPA-CLAROVENTAS-PROD-1 Backup
[2026-03-07 15:44:39]  PROTEGIDO: MON-RPA-CLAROVENTAS-PROD-1 Backup (no tiene gemelas suficientes)
[2026-03-07 15:44:39] 
[Grupo Veeam 65/98] MON-RPA-CLAROVENTAS-PROD-2 Backup
[2026-03-07 15:44:39]  PROTEGIDO: MON-RPA-CLAROVENTAS-PROD-2 Backup (no tiene gemelas suficientes)
[2026-03-07 15:44:39] 
[Grupo Veeam 66/98] MON-SMART-CONFIANZA-QA Backup
[2026-03-07 15:44:39]  PROTEGIDO: MON-SMART-CONFIANZA-QA Backup (no tiene gemelas suficientes)
[2026-03-07 15:44:39] 
[Grupo Veeam 67/98] MON-SMART-GM-PROD Backup
[2026-03-07 15:44:39]  PROTEGIDO: MON-SMART-GM-PROD Backup_1 (no tiene gemelas suficientes)
[2026-03-07 15:44:39] 
[Grupo Veeam 68/98] MON-SMART-GW1-SBS-PROD Backup
[2026-03-07 15:44:39]  PROTEGIDO: MON-SMART-GW1-SBS-PROD Backup_1 (no tiene gemelas suficientes)
[2026-03-07 15:44:39] 
[Grupo Veeam 69/98] MON-SMART-GW2-GMF-PROD Backup
[2026-03-07 15:44:39]  PROTEGIDO: MON-SMART-GW2-GMF-PROD Backup_1 (no tiene gemelas suficientes)
[2026-03-07 15:44:39] 
[Grupo Veeam 70/98] MON-SMART-GW3-CONFIANZA-PROD Backup
[2026-03-07 15:44:39]  PROTEGIDO: MON-SMART-GW3-CONFIANZA-PROD Backup_1 (no tiene gemelas suficientes)
[2026-03-07 15:44:39] 
[Grupo Veeam 71/98] MON-SMART-GWGMF-QA Backup
[2026-03-07 15:44:39]  PROTEGIDO: MON-SMART-GWGMF-QA Backup (no tiene gemelas suficientes)
[2026-03-07 15:44:39] 
[Grupo Veeam 72/98] MON-SMART-GWSBS-QA Backup
[2026-03-07 15:44:39]  PROTEGIDO: MON-SMART-GWSBS-QA Backup (no tiene gemelas suficientes)
[2026-03-07 15:44:39] 
[Grupo Veeam 73/98] MON-SMART-QA Backup
[2026-03-07 15:44:39]  PROTEGIDO: MON-SMART-QA Backup (no tiene gemelas suficientes)
[2026-03-07 15:44:39] 
[Grupo Veeam 74/98] MON-SMART_CONFIANZA-PROD_TF Backup
[2026-03-07 15:44:39]  PROTEGIDO: MON-SMART_CONFIANZA-PROD_TF Backup (no tiene gemelas suficientes)
[2026-03-07 15:44:39] 
[Grupo Veeam 75/98] MONT-AUTO-GOPASS Backup
[2026-03-07 15:44:39]  PROTEGIDO: MONT-AUTO-GOPASS Backup (no tiene gemelas suficientes)
[2026-03-07 15:44:39] 
[Grupo Veeam 76/98] MONT-AZDEVOPS_NODO1 Backup
[2026-03-07 15:44:39]  PROTEGIDO: MONT-AZDEVOPS_NODO1 Backup (no tiene gemelas suficientes)
[2026-03-07 15:44:39] 
[Grupo Veeam 77/98] MONT-AZDEVOPS_NODO2 Backup
[2026-03-07 15:44:39]  PROTEGIDO: MONT-AZDEVOPS_NODO2 Backup_1 (no tiene gemelas suficientes)
[2026-03-07 15:44:39] 
[Grupo Veeam 78/98] MONT-AZDEVOPS_NODO3 Backup
[2026-03-07 15:44:39]  PROTEGIDO: MONT-AZDEVOPS_NODO3 Backup (no tiene gemelas suficientes)
[2026-03-07 15:44:39] 
[Grupo Veeam 79/98] MONT-CLOUD-DEMO Backup
[2026-03-07 15:44:39]  PROTEGIDO: MONT-CLOUD-DEMO Backup (no tiene gemelas suficientes)
[2026-03-07 15:44:39] 
[Grupo Veeam 80/98] MONT-CLOUD-ETBSOUL Backup
[2026-03-07 15:44:39]  PROTEGIDO: MONT-CLOUD-ETBSOUL Backup (no tiene gemelas suficientes)
[2026-03-07 15:44:39] 
[Grupo Veeam 81/98] MONT-CLOUD-OMNICANALIDAD Backup
[2026-03-07 15:44:39]  PROTEGIDO: MONT-CLOUD-OMNICANALIDAD Backup (no tiene gemelas suficientes)
[2026-03-07 15:44:39] 
[Grupo Veeam 82/98] MONT-CLOUD-PROXY-PUBLICOS INTERNO Backup
[2026-03-07 15:44:39]  PROTEGIDO: MONT-CLOUD-PROXY-PUBLICOS INTERNO Backup (no tiene gemelas suficientes)
[2026-03-07 15:44:39] 
[Grupo Veeam 83/98] MONT-CLOUD_K8S_CORE Backup
[2026-03-07 15:44:39]  PROTEGIDO: MONT-CLOUD_K8S_CORE Backup (no tiene gemelas suficientes)
[2026-03-07 15:44:39] 
[Grupo Veeam 84/98] MONT-CLOUD_K8S_CORE_LEGACYNODE Backup
[2026-03-07 15:44:39]  PROTEGIDO: MONT-CLOUD_K8S_CORE_LEGACYNODE Backup (no tiene gemelas suficientes)
[2026-03-07 15:44:39] 
[Grupo Veeam 85/98] MONT-CLOUD_K8S_CORE_LEGACYNODE2 Backup
[2026-03-07 15:44:39]  PROTEGIDO: MONT-CLOUD_K8S_CORE_LEGACYNODE2 Backup (no tiene gemelas suficientes)
[2026-03-07 15:44:39] 
[Grupo Veeam 86/98] MONT-K8S-SOULAPPS_QA Backup
[2026-03-07 15:44:39]  PROTEGIDO: MONT-K8S-SOULAPPS_QA Backup (no tiene gemelas suficientes)
[2026-03-07 15:44:39] 
[Grupo Veeam 87/98] MONT-K8S-TEST2 Backup
[2026-03-07 15:44:39]  PROTEGIDO: MONT-K8S-TEST2 Backup (no tiene gemelas suficientes)
[2026-03-07 15:44:39] 
[Grupo Veeam 88/98] MONT-PROXY-IFX Backup
[2026-03-07 15:44:39]  PROTEGIDO: MONT-PROXY-IFX Backup (no tiene gemelas suficientes)
[2026-03-07 15:44:39] 
[Grupo Veeam 89/98] MONT-SBS_OFFICIAL-PROD Backup
[2026-03-07 15:44:39]  PROTEGIDO: MONT-SBS_OFFICIAL-PROD Backup (no tiene gemelas suficientes)
[2026-03-07 15:44:39] 
[Grupo Veeam 90/98] MONT-SBS_OFFICIAL-QA Backup
[2026-03-07 15:44:39]  PROTEGIDO: MONT-SBS_OFFICIAL-QA Backup (no tiene gemelas suficientes)
[2026-03-07 15:44:39] 
[Grupo Veeam 91/98] MONT-SOUL-PROD_NEW Backup
[2026-03-07 15:44:39]  PROTEGIDO: MONT-SOUL-PROD_NEW Backup (no tiene gemelas suficientes)
[2026-03-07 15:44:39] 
[Grupo Veeam 92/98] MON_DEV_PROD_PRE-EXPRESS-PROD Backup
[2026-03-07 15:44:39]  PROTEGIDO: MON_DEV_PROD_PRE-EXPRESS-PROD Backup_1 (no tiene gemelas suficientes)
[2026-03-07 15:44:39] 
[Grupo Veeam 93/98] OCS_INVENTORY_V2 Backup
[2026-03-07 15:44:39]  PROTEGIDO: OCS_INVENTORY_V2 Backup (no tiene gemelas suficientes)
[2026-03-07 15:44:39] 
[Grupo Veeam 94/98] PRUEBAS SONARQUBE DANIELA Backup
[2026-03-07 15:44:39]  PROTEGIDO: PRUEBAS SONARQUBE DANIELA Backup (no tiene gemelas suficientes)
[2026-03-07 15:44:39] 
[Grupo Veeam 95/98] Semilla Basica Backup
[2026-03-07 15:44:39]  PROTEGIDO: Semilla Basica Backup (no tiene gemelas suficientes)
[2026-03-07 15:44:39] 
[Grupo Veeam 96/98] veeam 13 Backup
[2026-03-07 15:44:39]  PROTEGIDO: veeam 13 Backup (no tiene gemelas suficientes)
[2026-03-07 15:44:39] 
[Grupo Veeam 97/98] VEEAM Backup
[2026-03-07 15:44:39]  PROTEGIDO: VEEAM Backup (no tiene gemelas suficientes)
[2026-03-07 15:44:39] 
[Grupo Veeam 98/98] WORDPRESS_NGINX_MICROSITES Backup
[2026-03-07 15:44:39]  PROTEGIDO: WORDPRESS_NGINX_MICROSITES Backup (no tiene gemelas suficientes)
[2026-03-07 15:44:39]  No se encontraron carpetas duplicadas para eliminar
[2026-03-07 15:45:10]  Buscando backups duplicados en: /backups
[2026-03-07 15:45:10]  Fuente de ruta: env
[2026-03-07 15:45:10]  Roots permitidos: /backups
[2026-03-07 15:45:10]  Estrategia: Eliminar backup MÁS ANTIGUO (protección inteligente)

[2026-03-07 15:45:10]  Hash desactivado: no se calcularán hashes de archivos (modo rápido)
[2026-03-07 15:45:10]  Modo: Veeam + genérico
[2026-03-07 15:45:10] 
[Grupo Veeam 1/98] COS-ALFRESCO DOCKER 7.2 Backup
[2026-03-07 15:45:10]  PROTEGIDO: COS-ALFRESCO DOCKER 7.2 Backup (no tiene gemelas suficientes)
[2026-03-07 15:45:10] 
[Grupo Veeam 2/98] COS-BIG BLUE BUTTON Backup
[2026-03-07 15:45:10]  PROTEGIDO: COS-BIG BLUE BUTTON Backup (no tiene gemelas suficientes)
[2026-03-07 15:45:10] 
[Grupo Veeam 3/98] COS-CVR_CENTRALIZADO Backup
[2026-03-07 15:45:10]  PROTEGIDO: COS-CVR_CENTRALIZADO Backup (no tiene gemelas suficientes)
[2026-03-07 15:45:10] 
[Grupo Veeam 4/98] COS-CVR_PROXY Backup
[2026-03-07 15:45:10]  PROTEGIDO: COS-CVR_PROXY Backup_1 (no tiene gemelas suficientes)
[2026-03-07 15:45:10] 
[Grupo Veeam 5/98] COS-INFRA-GLPI-New Backup
[2026-03-07 15:45:10]  PROTEGIDO: COS-INFRA-GLPI-New Backup_1 (no tiene gemelas suficientes)
[2026-03-07 15:45:10] 
[Grupo Veeam 6/98] COS-INFRA-OPENFIRE-UBUNTU Backup
[2026-03-07 15:45:10]  PROTEGIDO: COS-INFRA-OPENFIRE-UBUNTU Backup_1 (no tiene gemelas suficientes)
[2026-03-07 15:45:10] 
[Grupo Veeam 7/98] COS-INFRA-REPORTING-WS2019 Backup
[2026-03-07 15:45:10]  PROTEGIDO: COS-INFRA-REPORTING-WS2019 Backup_1 (no tiene gemelas suficientes)
[2026-03-07 15:45:10] 
[Grupo Veeam 8/98] COS-INFRA-WINSERVE_2019 Backup
[2026-03-07 15:45:10]  PROTEGIDO: COS-INFRA-WINSERVE_2019 Backup_1 (no tiene gemelas suficientes)
[2026-03-07 15:45:10] 
[Grupo Veeam 9/98] COS-INFRA_PRUEBAS_WSVR2019 Backup
[2026-03-07 15:45:10]  PROTEGIDO: COS-INFRA_PRUEBAS_WSVR2019 Backup_1 (no tiene gemelas suficientes)
[2026-03-07 15:45:10] 
[Grupo Veeam 10/98] COS-IT_UBUNTUSERVER Backup
[2026-03-07 15:45:10]  PROTEGIDO: COS-IT_UBUNTUSERVER Backup (no tiene gemelas suficientes)
[2026-03-07 15:45:10] 
[Grupo Veeam 11/98] COS-SOPORTE-WIN10_22h2 Backup
[2026-03-07 15:45:10]  PROTEGIDO: COS-SOPORTE-WIN10_22h2 Backup_1 (no tiene gemelas suficientes)
[2026-03-07 15:45:10] 
[Grupo Veeam 12/98] COS-WORKFORCE-PRUEBAS Backup
[2026-03-07 15:45:10]  PROTEGIDO: COS-WORKFORCE-PRUEBAS Backup_1 (no tiene gemelas suficientes)
[2026-03-07 15:45:10] 
[Grupo Veeam 13/98] frontcolas Backup
[2026-03-07 15:45:10]  PROTEGIDO: frontcolas Backup (no tiene gemelas suficientes)
[2026-03-07 15:45:10] 
[Grupo Veeam 14/98] JUZGADOS Backup
[2026-03-07 15:45:10]  PROTEGIDO: JUZGADOS Backup (no tiene gemelas suficientes)
[2026-03-07 15:45:10] 
[Grupo Veeam 15/98] MON-ASTERISK-VOICEBOT-PRODV2 Backup
[2026-03-07 15:45:10]  PROTEGIDO: MON-ASTERISK-VOICEBOT-PRODV2 Backup (no tiene gemelas suficientes)
[2026-03-07 15:45:10] 
[Grupo Veeam 16/98] MON-CLOUD-CARBONIO Backup
[2026-03-07 15:45:10]  PROTEGIDO: MON-CLOUD-CARBONIO Backup (no tiene gemelas suficientes)
[2026-03-07 15:45:10] 
[Grupo Veeam 17/98] MON-CLOUD-WIN_NOTIFICACIONES Backup
[2026-03-07 15:45:10]  PROTEGIDO: MON-CLOUD-WIN_NOTIFICACIONES Backup_1 (no tiene gemelas suficientes)
[2026-03-07 15:45:10] 
[Grupo Veeam 18/98] MON-CLOUD_EXPRESS_ISOLATED Backup
[2026-03-07 15:45:10]  PROTEGIDO: MON-CLOUD_EXPRESS_ISOLATED Backup (no tiene gemelas suficientes)
[2026-03-07 15:45:10] 
[Grupo Veeam 19/98] MON-CLUSTER_AUTENTICATION-Nodo2-now Backup
[2026-03-07 15:45:10]  PROTEGIDO: MON-CLUSTER_AUTENTICATION-Nodo2-now Backup (no tiene gemelas suficientes)
[2026-03-07 15:45:10] 
[Grupo Veeam 20/98] MON-CONFIANZA-GMF-PROD Backup
[2026-03-07 15:45:10]  PROTEGIDO: MON-CONFIANZA-GMF-PROD Backup_1 (no tiene gemelas suficientes)
[2026-03-07 15:45:10] 
[Grupo Veeam 21/98] MON-DBA-CARTERA-NODO-1-new Backup
[2026-03-07 15:45:10]  PROTEGIDO: MON-DBA-CARTERA-NODO-1-new Backup (no tiene gemelas suficientes)
[2026-03-07 15:45:10] 
[Grupo Veeam 22/98] MON-DBA-CLUSTER-RPA_1 Backup
[2026-03-07 15:45:10]  PROTEGIDO: MON-DBA-CLUSTER-RPA_1 Backup_1 (no tiene gemelas suficientes)
[2026-03-07 15:45:10] 
[Grupo Veeam 23/98] MON-DBA-CRM2_NODO_1 Backup
[2026-03-07 15:45:10]  PROTEGIDO: MON-DBA-CRM2_NODO_1 Backup (no tiene gemelas suficientes)
[2026-03-07 15:45:10] 
[Grupo Veeam 24/98] MON-DBA-MYSQL-MIOS1-PROD Backup
[2026-03-07 15:45:10]  PROTEGIDO: MON-DBA-MYSQL-MIOS1-PROD Backup_1 (no tiene gemelas suficientes)
[2026-03-07 15:45:10] 
[Grupo Veeam 25/98] MON-DBA-VOICEBOT Backup
[2026-03-07 15:45:10]  PROTEGIDO: MON-DBA-VOICEBOT Backup_1 (no tiene gemelas suficientes)
[2026-03-07 15:45:10] 
[Grupo Veeam 26/98] MON-DBA_APPMASTER_NODO1_PROD Backup
[2026-03-07 15:45:10]  PROTEGIDO: MON-DBA_APPMASTER_NODO1_PROD Backup (no tiene gemelas suficientes)
[2026-03-07 15:45:10] 
[Grupo Veeam 27/98] MON-DBA_BACKUP Backup
[2026-03-07 15:45:10]  PROTEGIDO: MON-DBA_BACKUP Backup (no tiene gemelas suficientes)
[2026-03-07 15:45:10] 
[Grupo Veeam 28/98] MON-DBA_POSTGRESQL_PROD Backup
[2026-03-07 15:45:10]  PROTEGIDO: MON-DBA_POSTGRESQL_PROD Backup_1 (no tiene gemelas suficientes)
[2026-03-07 15:45:10] 
[Grupo Veeam 29/98] MON-DEV-SOULCHAT-PROD Backup
[2026-03-07 15:45:10]  PROTEGIDO: MON-DEV-SOULCHAT-PROD Backup (no tiene gemelas suficientes)
[2026-03-07 15:45:10] 
[Grupo Veeam 30/98] MON-DEVOPS_BALANCER_MASTER Backup
[2026-03-07 15:45:10]  PROTEGIDO: MON-DEVOPS_BALANCER_MASTER Backup (no tiene gemelas suficientes)
[2026-03-07 15:45:10] 
[Grupo Veeam 31/98] MON-DEV_APPMASTER_PROJECTS_8.5-PROD Backup
[2026-03-07 15:45:10]  PROTEGIDO: MON-DEV_APPMASTER_PROJECTS_8.5-PROD Backup (no tiene gemelas suficientes)
[2026-03-07 15:45:10] 
[Grupo Veeam 32/98] MON-DEV_APPMASTER_PROJECTS_8.7-PROD1 Backup
[2026-03-07 15:45:10]  PROTEGIDO: MON-DEV_APPMASTER_PROJECTS_8.7-PROD1 Backup (no tiene gemelas suficientes)
[2026-03-07 15:45:10] 
[Grupo Veeam 33/98] MON-DEV_CARTERAS_PROD Backup
[2026-03-07 15:45:10]  PROTEGIDO: MON-DEV_CARTERAS_PROD Backup_1 (no tiene gemelas suficientes)
[2026-03-07 15:45:10] 
[Grupo Veeam 34/98] MON-DEV_CARTERAWOM-PROD Backup
[2026-03-07 15:45:10]  PROTEGIDO: MON-DEV_CARTERAWOM-PROD Backup_1 (no tiene gemelas suficientes)
[2026-03-07 15:45:10] 
[Grupo Veeam 35/98] MON-DEV_CENTOS_LARAVEL_PROD1 Backup
[2026-03-07 15:45:10]  PROTEGIDO: MON-DEV_CENTOS_LARAVEL_PROD1 Backup (no tiene gemelas suficientes)
[2026-03-07 15:45:10] 
[Grupo Veeam 36/98] MON-DEV_F5_NGINX_PLUS Backup
[2026-03-07 15:45:10]  PROTEGIDO: MON-DEV_F5_NGINX_PLUS Backup (no tiene gemelas suficientes)
[2026-03-07 15:45:10] 
[Grupo Veeam 37/98] MON-DEV_KUBE-RECORDS Backup
[2026-03-07 15:45:10]  PROTEGIDO: MON-DEV_KUBE-RECORDS Backup_1 (no tiene gemelas suficientes)
[2026-03-07 15:45:10] 
[Grupo Veeam 38/98] MON-DEV_MIOS_MICROSERVICES_PROD_DOCKERS_NUEVOS Backup
[2026-03-07 15:45:10]  PROTEGIDO: MON-DEV_MIOS_MICROSERVICES_PROD_DOCKERS_NUEVOS Backup_1 (no tiene gemelas suficientes)
[2026-03-07 15:45:10] 
[Grupo Veeam 39/98] MON-DEV_MIOS_MICROSERVICES_PROD_DOCKERS_NUEVOS_PRUEBA Backup
[2026-03-07 15:45:10]  PROTEGIDO: MON-DEV_MIOS_MICROSERVICES_PROD_DOCKERS_NUEVOS_PRUEBA Backup (no tiene gemelas suficientes)
[2026-03-07 15:45:10] 
[Grupo Veeam 40/98] MON-DEV_MIOS_MICROSERVICES_QUALITY1 Backup
[2026-03-07 15:45:10]  PROTEGIDO: MON-DEV_MIOS_MICROSERVICES_QUALITY1 Backup (no tiene gemelas suficientes)
[2026-03-07 15:45:10] 
[Grupo Veeam 41/98] MON-DEV_MIOS_MICROSERVICES_QUALITY_TF Backup
[2026-03-07 15:45:10]  PROTEGIDO: MON-DEV_MIOS_MICROSERVICES_QUALITY_TF Backup (no tiene gemelas suficientes)
[2026-03-07 15:45:10] 
[Grupo Veeam 42/98] MON-DEV_MIOS_VICIDIAL_PROD Backup
[2026-03-07 15:45:10]  PROTEGIDO: MON-DEV_MIOS_VICIDIAL_PROD Backup_1 (no tiene gemelas suficientes)
[2026-03-07 15:45:10] 
[Grupo Veeam 43/98] MON-DEV_PROD_APPMASTER_3-PROD Backup
[2026-03-07 15:45:10]  PROTEGIDO: MON-DEV_PROD_APPMASTER_3-PROD Backup (no tiene gemelas suficientes)
[2026-03-07 15:45:10] 
[Grupo Veeam 44/98] MON-DEV_PROD_APPMASTER_4-prod Backup
[2026-03-07 15:45:10]  PROTEGIDO: MON-DEV_PROD_APPMASTER_4-prod Backup (no tiene gemelas suficientes)
[2026-03-07 15:45:10] 
[Grupo Veeam 45/98] MON-DEV_RP_WEB_SERVICES-PROD Backup
[2026-03-07 15:45:10]  PROTEGIDO: MON-DEV_RP_WEB_SERVICES-PROD Backup_1 (no tiene gemelas suficientes)
[2026-03-07 15:45:10] 
[Grupo Veeam 46/98] MON-DEV_RRHH-PROD Backup
[2026-03-07 15:45:10]  PROTEGIDO: MON-DEV_RRHH-PROD Backup (no tiene gemelas suficientes)
[2026-03-07 15:45:10] 
[Grupo Veeam 47/98] MON-DEV_VICIDIAL_MARCADOR2 Backup
[2026-03-07 15:45:10]  PROTEGIDO: MON-DEV_VICIDIAL_MARCADOR2 Backup_1 (no tiene gemelas suficientes)
[2026-03-07 15:45:10] 
[Grupo Veeam 48/98] MON-DEV_VICIDIAL_MASTER Backup
[2026-03-07 15:45:10]  PROTEGIDO: MON-DEV_VICIDIAL_MASTER Backup_1 (no tiene gemelas suficientes)
[2026-03-07 15:45:10] 
[Grupo Veeam 49/98] MON-DEV_VICIDIAL_NODO3 Backup
[2026-03-07 15:45:10]  PROTEGIDO: MON-DEV_VICIDIAL_NODO3 Backup_1 (no tiene gemelas suficientes)
[2026-03-07 15:45:10] 
[Grupo Veeam 50/98] MON-DEV_VICIDIAL_WEB-RTC Backup
[2026-03-07 15:45:10]  PROTEGIDO: MON-DEV_VICIDIAL_WEB-RTC Backup_1 (no tiene gemelas suficientes)
[2026-03-07 15:45:10] 
[Grupo Veeam 51/98] MON-DEV_VivamosHumanosWP Backup
[2026-03-07 15:45:10]  PROTEGIDO: MON-DEV_VivamosHumanosWP Backup_1 (no tiene gemelas suficientes)
[2026-03-07 15:45:10] 
[Grupo Veeam 52/98] MON-DEV_WIN10_CORREO_SBS Backup
[2026-03-07 15:45:10]  PROTEGIDO: MON-DEV_WIN10_CORREO_SBS Backup_1 (no tiene gemelas suficientes)
[2026-03-07 15:45:10] 
[Grupo Veeam 53/98] MON-DEV_WIN10_NEW_SBS_INBOUND Backup
[2026-03-07 15:45:10]  PROTEGIDO: MON-DEV_WIN10_NEW_SBS_INBOUND Backup_1 (no tiene gemelas suficientes)
[2026-03-07 15:45:10] 
[Grupo Veeam 54/98] MON-DEV_WIN10_RECOVER_TOP_ETB Backup
[2026-03-07 15:45:10]  PROTEGIDO: MON-DEV_WIN10_RECOVER_TOP_ETB Backup_1 (no tiene gemelas suficientes)
[2026-03-07 15:45:10] 
[Grupo Veeam 55/98] MON-DEV_WINDOWS_CRM_EXPRESS Backup
[2026-03-07 15:45:10]  PROTEGIDO: MON-DEV_WINDOWS_CRM_EXPRESS Backup_1 (no tiene gemelas suficientes)
[2026-03-07 15:45:10] 
[Grupo Veeam 56/98] MON-GLPI-PROD Backup
[2026-03-07 15:45:10]  PROTEGIDO: MON-GLPI-PROD Backup_1 (no tiene gemelas suficientes)
[2026-03-07 15:45:10] 
[Grupo Veeam 57/98] MON-GLPI_CONTACTO-PROD Backup
[2026-03-07 15:45:10]  PROTEGIDO: MON-GLPI_CONTACTO-PROD Backup_1 (no tiene gemelas suficientes)
[2026-03-07 15:45:10] 
[Grupo Veeam 58/98] MON-JITSI-PROD Backup
[2026-03-07 15:45:10]  PROTEGIDO: MON-JITSI-PROD Backup_1 (no tiene gemelas suficientes)
[2026-03-07 15:45:10] 
[Grupo Veeam 59/98] MON-MICROSERVICES-DOCKERS-QA Backup
[2026-03-07 15:45:10]  PROTEGIDO: MON-MICROSERVICES-DOCKERS-QA Backup (no tiene gemelas suficientes)
[2026-03-07 15:45:10] 
[Grupo Veeam 60/98] MON-MIOS1_PROD Backup
[2026-03-07 15:45:10]  PROTEGIDO: MON-MIOS1_PROD Backup_1 (no tiene gemelas suficientes)
[2026-03-07 15:45:10] 
[Grupo Veeam 61/98] MON-MYSQL-QA Backup
[2026-03-07 15:45:10]  PROTEGIDO: MON-MYSQL-QA Backup (no tiene gemelas suficientes)
[2026-03-07 15:45:10] 
[Grupo Veeam 62/98] MON-OMNICHANNEL_CENTOS_DASHBOTS_87-PROD Backup
[2026-03-07 15:45:10]  PROTEGIDO: MON-OMNICHANNEL_CENTOS_DASHBOTS_87-PROD Backup_1 (no tiene gemelas suficientes)
[2026-03-07 15:45:10] 
[Grupo Veeam 63/98] MON-QA-TESTLINK Backup
[2026-03-07 15:45:10]  PROTEGIDO: MON-QA-TESTLINK Backup (no tiene gemelas suficientes)
[2026-03-07 15:45:10] 
[Grupo Veeam 64/98] MON-RPA-CLAROVENTAS-PROD-1 Backup
[2026-03-07 15:45:10]  PROTEGIDO: MON-RPA-CLAROVENTAS-PROD-1 Backup (no tiene gemelas suficientes)
[2026-03-07 15:45:10] 
[Grupo Veeam 65/98] MON-RPA-CLAROVENTAS-PROD-2 Backup
[2026-03-07 15:45:10]  PROTEGIDO: MON-RPA-CLAROVENTAS-PROD-2 Backup (no tiene gemelas suficientes)
[2026-03-07 15:45:10] 
[Grupo Veeam 66/98] MON-SMART-CONFIANZA-QA Backup
[2026-03-07 15:45:10]  PROTEGIDO: MON-SMART-CONFIANZA-QA Backup (no tiene gemelas suficientes)
[2026-03-07 15:45:10] 
[Grupo Veeam 67/98] MON-SMART-GM-PROD Backup
[2026-03-07 15:45:10]  PROTEGIDO: MON-SMART-GM-PROD Backup_1 (no tiene gemelas suficientes)
[2026-03-07 15:45:10] 
[Grupo Veeam 68/98] MON-SMART-GW1-SBS-PROD Backup
[2026-03-07 15:45:10]  PROTEGIDO: MON-SMART-GW1-SBS-PROD Backup_1 (no tiene gemelas suficientes)
[2026-03-07 15:45:10] 
[Grupo Veeam 69/98] MON-SMART-GW2-GMF-PROD Backup
[2026-03-07 15:45:10]  PROTEGIDO: MON-SMART-GW2-GMF-PROD Backup_1 (no tiene gemelas suficientes)
[2026-03-07 15:45:10] 
[Grupo Veeam 70/98] MON-SMART-GW3-CONFIANZA-PROD Backup
[2026-03-07 15:45:10]  PROTEGIDO: MON-SMART-GW3-CONFIANZA-PROD Backup_1 (no tiene gemelas suficientes)
[2026-03-07 15:45:10] 
[Grupo Veeam 71/98] MON-SMART-GWGMF-QA Backup
[2026-03-07 15:45:10]  PROTEGIDO: MON-SMART-GWGMF-QA Backup (no tiene gemelas suficientes)
[2026-03-07 15:45:10] 
[Grupo Veeam 72/98] MON-SMART-GWSBS-QA Backup
[2026-03-07 15:45:10]  PROTEGIDO: MON-SMART-GWSBS-QA Backup (no tiene gemelas suficientes)
[2026-03-07 15:45:10] 
[Grupo Veeam 73/98] MON-SMART-QA Backup
[2026-03-07 15:45:10]  PROTEGIDO: MON-SMART-QA Backup (no tiene gemelas suficientes)
[2026-03-07 15:45:10] 
[Grupo Veeam 74/98] MON-SMART_CONFIANZA-PROD_TF Backup
[2026-03-07 15:45:10]  PROTEGIDO: MON-SMART_CONFIANZA-PROD_TF Backup (no tiene gemelas suficientes)
[2026-03-07 15:45:10] 
[Grupo Veeam 75/98] MONT-AUTO-GOPASS Backup
[2026-03-07 15:45:10]  PROTEGIDO: MONT-AUTO-GOPASS Backup (no tiene gemelas suficientes)
[2026-03-07 15:45:10] 
[Grupo Veeam 76/98] MONT-AZDEVOPS_NODO1 Backup
[2026-03-07 15:45:10]  PROTEGIDO: MONT-AZDEVOPS_NODO1 Backup (no tiene gemelas suficientes)
[2026-03-07 15:45:10] 
[Grupo Veeam 77/98] MONT-AZDEVOPS_NODO2 Backup
[2026-03-07 15:45:10]  PROTEGIDO: MONT-AZDEVOPS_NODO2 Backup_1 (no tiene gemelas suficientes)
[2026-03-07 15:45:10] 
[Grupo Veeam 78/98] MONT-AZDEVOPS_NODO3 Backup
[2026-03-07 15:45:10]  PROTEGIDO: MONT-AZDEVOPS_NODO3 Backup (no tiene gemelas suficientes)
[2026-03-07 15:45:10] 
[Grupo Veeam 79/98] MONT-CLOUD-DEMO Backup
[2026-03-07 15:45:10]  PROTEGIDO: MONT-CLOUD-DEMO Backup (no tiene gemelas suficientes)
[2026-03-07 15:45:10] 
[Grupo Veeam 80/98] MONT-CLOUD-ETBSOUL Backup
[2026-03-07 15:45:10]  PROTEGIDO: MONT-CLOUD-ETBSOUL Backup (no tiene gemelas suficientes)
[2026-03-07 15:45:10] 
[Grupo Veeam 81/98] MONT-CLOUD-OMNICANALIDAD Backup
[2026-03-07 15:45:10]  PROTEGIDO: MONT-CLOUD-OMNICANALIDAD Backup (no tiene gemelas suficientes)
[2026-03-07 15:45:10] 
[Grupo Veeam 82/98] MONT-CLOUD-PROXY-PUBLICOS INTERNO Backup
[2026-03-07 15:45:10]  PROTEGIDO: MONT-CLOUD-PROXY-PUBLICOS INTERNO Backup (no tiene gemelas suficientes)
[2026-03-07 15:45:10] 
[Grupo Veeam 83/98] MONT-CLOUD_K8S_CORE Backup
[2026-03-07 15:45:10]  PROTEGIDO: MONT-CLOUD_K8S_CORE Backup (no tiene gemelas suficientes)
[2026-03-07 15:45:10] 
[Grupo Veeam 84/98] MONT-CLOUD_K8S_CORE_LEGACYNODE Backup
[2026-03-07 15:45:10]  PROTEGIDO: MONT-CLOUD_K8S_CORE_LEGACYNODE Backup (no tiene gemelas suficientes)
[2026-03-07 15:45:10] 
[Grupo Veeam 85/98] MONT-CLOUD_K8S_CORE_LEGACYNODE2 Backup
[2026-03-07 15:45:10]  PROTEGIDO: MONT-CLOUD_K8S_CORE_LEGACYNODE2 Backup (no tiene gemelas suficientes)
[2026-03-07 15:45:10] 
[Grupo Veeam 86/98] MONT-K8S-SOULAPPS_QA Backup
[2026-03-07 15:45:10]  PROTEGIDO: MONT-K8S-SOULAPPS_QA Backup (no tiene gemelas suficientes)
[2026-03-07 15:45:10] 
[Grupo Veeam 87/98] MONT-K8S-TEST2 Backup
[2026-03-07 15:45:10]  PROTEGIDO: MONT-K8S-TEST2 Backup (no tiene gemelas suficientes)
[2026-03-07 15:45:10] 
[Grupo Veeam 88/98] MONT-PROXY-IFX Backup
[2026-03-07 15:45:10]  PROTEGIDO: MONT-PROXY-IFX Backup (no tiene gemelas suficientes)
[2026-03-07 15:45:10] 
[Grupo Veeam 89/98] MONT-SBS_OFFICIAL-PROD Backup
[2026-03-07 15:45:10]  PROTEGIDO: MONT-SBS_OFFICIAL-PROD Backup (no tiene gemelas suficientes)
[2026-03-07 15:45:10] 
[Grupo Veeam 90/98] MONT-SBS_OFFICIAL-QA Backup
[2026-03-07 15:45:10]  PROTEGIDO: MONT-SBS_OFFICIAL-QA Backup (no tiene gemelas suficientes)
[2026-03-07 15:45:10] 
[Grupo Veeam 91/98] MONT-SOUL-PROD_NEW Backup
[2026-03-07 15:45:10]  PROTEGIDO: MONT-SOUL-PROD_NEW Backup (no tiene gemelas suficientes)
[2026-03-07 15:45:10] 
[Grupo Veeam 92/98] MON_DEV_PROD_PRE-EXPRESS-PROD Backup
[2026-03-07 15:45:10]  PROTEGIDO: MON_DEV_PROD_PRE-EXPRESS-PROD Backup_1 (no tiene gemelas suficientes)
[2026-03-07 15:45:10] 
[Grupo Veeam 93/98] OCS_INVENTORY_V2 Backup
[2026-03-07 15:45:10]  PROTEGIDO: OCS_INVENTORY_V2 Backup (no tiene gemelas suficientes)
[2026-03-07 15:45:10] 
[Grupo Veeam 94/98] PRUEBAS SONARQUBE DANIELA Backup
[2026-03-07 15:45:10]  PROTEGIDO: PRUEBAS SONARQUBE DANIELA Backup (no tiene gemelas suficientes)
[2026-03-07 15:45:10] 
[Grupo Veeam 95/98] Semilla Basica Backup
[2026-03-07 15:45:10]  PROTEGIDO: Semilla Basica Backup (no tiene gemelas suficientes)
[2026-03-07 15:45:10] 
[Grupo Veeam 96/98] veeam 13 Backup
[2026-03-07 15:45:10]  PROTEGIDO: veeam 13 Backup (no tiene gemelas suficientes)
[2026-03-07 15:45:10] 
[Grupo Veeam 97/98] VEEAM Backup
[2026-03-07 15:45:10]  PROTEGIDO: VEEAM Backup (no tiene gemelas suficientes)
[2026-03-07 15:45:10] 
[Grupo Veeam 98/98] WORDPRESS_NGINX_MICROSITES Backup
[2026-03-07 15:45:10]  PROTEGIDO: WORDPRESS_NGINX_MICROSITES Backup (no tiene gemelas suficientes)
[2026-03-07 15:45:10]  No se encontraron carpetas duplicadas para eliminar
[2026-03-07 15:46:10]  Buscando backups duplicados en: /backups
[2026-03-07 15:46:10]  Fuente de ruta: env
[2026-03-07 15:46:10]  Roots permitidos: /backups
[2026-03-07 15:46:10]  Estrategia: Eliminar backup MÁS ANTIGUO (protección inteligente)

[2026-03-07 15:46:10]  Hash desactivado: no se calcularán hashes de archivos (modo rápido)
[2026-03-07 15:46:10]  Modo: Veeam + genérico
[2026-03-07 15:46:10] 
[Grupo Veeam 1/98] COS-ALFRESCO DOCKER 7.2 Backup
[2026-03-07 15:46:10]  PROTEGIDO: COS-ALFRESCO DOCKER 7.2 Backup (no tiene gemelas suficientes)
[2026-03-07 15:46:10] 
[Grupo Veeam 2/98] COS-BIG BLUE BUTTON Backup
[2026-03-07 15:46:10]  PROTEGIDO: COS-BIG BLUE BUTTON Backup (no tiene gemelas suficientes)
[2026-03-07 15:46:10] 
[Grupo Veeam 3/98] COS-CVR_CENTRALIZADO Backup
[2026-03-07 15:46:10]   [1/2] Analizando: COS-CVR_CENTRALIZADO Backup
[2026-03-07 15:46:10]      -> fecha=2026-03-07 15:44:05 | tamaño=84.44 GB | reciente=SI | hash=omitido (--no-hash)
[2026-03-07 15:46:10]   [2/2] Analizando: COS-CVR_CENTRALIZADO Backup 1
[2026-03-07 15:46:10]      -> fecha=2026-03-07 03:21:48 | tamaño=83.11 GB | reciente=NO | hash=omitido (--no-hash)
[2026-03-07 15:46:10]   Actividad reciente detectada en COS-CVR_CENTRALIZADO Backup (se protege el grupo)
[2026-03-07 15:46:10] 
[Grupo Veeam 4/98] COS-CVR_PROXY Backup
[2026-03-07 15:46:10]  PROTEGIDO: COS-CVR_PROXY Backup_1 (no tiene gemelas suficientes)
[2026-03-07 15:46:10] 
[Grupo Veeam 5/98] COS-INFRA-GLPI-New Backup
[2026-03-07 15:46:10]  PROTEGIDO: COS-INFRA-GLPI-New Backup_1 (no tiene gemelas suficientes)
[2026-03-07 15:46:10] 
[Grupo Veeam 6/98] COS-INFRA-OPENFIRE-UBUNTU Backup
[2026-03-07 15:46:10]  PROTEGIDO: COS-INFRA-OPENFIRE-UBUNTU Backup_1 (no tiene gemelas suficientes)
[2026-03-07 15:46:10] 
[Grupo Veeam 7/98] COS-INFRA-REPORTING-WS2019 Backup
[2026-03-07 15:46:10]  PROTEGIDO: COS-INFRA-REPORTING-WS2019 Backup_1 (no tiene gemelas suficientes)
[2026-03-07 15:46:10] 
[Grupo Veeam 8/98] COS-INFRA-WINSERVE_2019 Backup
[2026-03-07 15:46:10]  PROTEGIDO: COS-INFRA-WINSERVE_2019 Backup_1 (no tiene gemelas suficientes)
[2026-03-07 15:46:10] 
[Grupo Veeam 9/98] COS-INFRA_PRUEBAS_WSVR2019 Backup
[2026-03-07 15:46:10]   [1/2] Analizando: COS-INFRA_PRUEBAS_WSVR2019 Backup 1
[2026-03-07 15:46:10]      -> fecha=2026-03-07 03:43:42 | tamaño=262.36 GB | reciente=NO | hash=omitido (--no-hash)
[2026-03-07 15:46:10]   [2/2] Analizando: COS-INFRA_PRUEBAS_WSVR2019 Backup_1
[2026-03-07 15:46:10]      -> fecha=2026-03-07 15:44:11 | tamaño=317.48 GB | reciente=SI | hash=omitido (--no-hash)
[2026-03-07 15:46:10]   Actividad reciente detectada en COS-INFRA_PRUEBAS_WSVR2019 Backup_1 (se protege el grupo)
[2026-03-07 15:46:10] 
[Grupo Veeam 10/98] COS-IT_UBUNTUSERVER Backup
[2026-03-07 15:46:10]  PROTEGIDO: COS-IT_UBUNTUSERVER Backup (no tiene gemelas suficientes)
[2026-03-07 15:46:10] 
[Grupo Veeam 11/98] COS-SOPORTE-WIN10_22h2 Backup
[2026-03-07 15:46:10]   [1/2] Analizando: COS-SOPORTE-WIN10_22h2 Backup 1
[2026-03-07 15:46:10]      -> fecha=2026-03-07 04:15:46 | tamaño=43.76 GB | reciente=NO | hash=omitido (--no-hash)
[2026-03-07 15:46:10]   [2/2] Analizando: COS-SOPORTE-WIN10_22h2 Backup_1
[2026-03-07 15:46:10]      -> fecha=2026-03-03 04:14:58 | tamaño=53.57 GB | reciente=NO | hash=omitido (--no-hash)
[2026-03-07 15:46:10] 
[Grupo Veeam 12/98] COS-WORKFORCE-PRUEBAS Backup
[2026-03-07 15:46:10]  PROTEGIDO: COS-WORKFORCE-PRUEBAS Backup_1 (no tiene gemelas suficientes)
[2026-03-07 15:46:10] 
[Grupo Veeam 13/98] frontcolas Backup
[2026-03-07 15:46:10]  PROTEGIDO: frontcolas Backup (no tiene gemelas suficientes)
[2026-03-07 15:46:10] 
[Grupo Veeam 14/98] JUZGADOS Backup
[2026-03-07 15:46:10]  PROTEGIDO: JUZGADOS Backup (no tiene gemelas suficientes)
[2026-03-07 15:46:10] 
[Grupo Veeam 15/98] MON-ASTERISK-VOICEBOT-PRODV2 Backup
[2026-03-07 15:46:10]  PROTEGIDO: MON-ASTERISK-VOICEBOT-PRODV2 Backup (no tiene gemelas suficientes)
[2026-03-07 15:46:10] 
[Grupo Veeam 16/98] MON-CLOUD-CARBONIO Backup
[2026-03-07 15:46:10]  PROTEGIDO: MON-CLOUD-CARBONIO Backup (no tiene gemelas suficientes)
[2026-03-07 15:46:10] 
[Grupo Veeam 17/98] MON-CLOUD-WIN_NOTIFICACIONES Backup
[2026-03-07 15:46:10]   [1/2] Analizando: MON-CLOUD-WIN_NOTIFICACIONES Backup 1
[2026-03-07 15:46:10]      -> fecha=2026-03-07 04:16:12 | tamaño=251.59 GB | reciente=NO | hash=omitido (--no-hash)
[2026-03-07 15:46:10]   [2/2] Analizando: MON-CLOUD-WIN_NOTIFICACIONES Backup_1
[2026-03-07 15:46:10]      -> fecha=2026-03-03 04:08:02 | tamaño=242.03 GB | reciente=NO | hash=omitido (--no-hash)
[2026-03-07 15:46:10] 
[Grupo Veeam 18/98] MON-CLOUD_EXPRESS_ISOLATED Backup
[2026-03-07 15:46:10]  PROTEGIDO: MON-CLOUD_EXPRESS_ISOLATED Backup (no tiene gemelas suficientes)
[2026-03-07 15:46:10] 
[Grupo Veeam 19/98] MON-CLUSTER_AUTENTICATION-Nodo2-now Backup
[2026-03-07 15:46:10]  PROTEGIDO: MON-CLUSTER_AUTENTICATION-Nodo2-now Backup (no tiene gemelas suficientes)
[2026-03-07 15:46:10] 
[Grupo Veeam 20/98] MON-CONFIANZA-GMF-PROD Backup
[2026-03-07 15:46:10]  PROTEGIDO: MON-CONFIANZA-GMF-PROD Backup_1 (no tiene gemelas suficientes)
[2026-03-07 15:46:10] 
[Grupo Veeam 21/98] MON-DBA-CARTERA-NODO-1-new Backup
[2026-03-07 15:46:10]  PROTEGIDO: MON-DBA-CARTERA-NODO-1-new Backup (no tiene gemelas suficientes)
[2026-03-07 15:46:10] 
[Grupo Veeam 22/98] MON-DBA-CLUSTER-RPA_1 Backup
[2026-03-07 15:46:10]  PROTEGIDO: MON-DBA-CLUSTER-RPA_1 Backup_1 (no tiene gemelas suficientes)
[2026-03-07 15:46:10] 
[Grupo Veeam 23/98] MON-DBA-CRM2_NODO_1 Backup
[2026-03-07 15:46:10]   [1/2] Analizando: MON-DBA-CRM2_NODO_1 Backup
[2026-03-07 15:46:10]      -> fecha=2026-03-03 05:02:28 | tamaño=227.58 GB | reciente=NO | hash=omitido (--no-hash)
[2026-03-07 15:46:10]   [2/2] Analizando: MON-DBA-CRM2_NODO_1 Backup 1
[2026-03-07 15:46:10]      -> fecha=2026-03-07 04:00:20 | tamaño=191.05 GB | reciente=NO | hash=omitido (--no-hash)
[2026-03-07 15:46:10] 
[Grupo Veeam 24/98] MON-DBA-MYSQL-MIOS1-PROD Backup
[2026-03-07 15:46:10]  PROTEGIDO: MON-DBA-MYSQL-MIOS1-PROD Backup_1 (no tiene gemelas suficientes)
[2026-03-07 15:46:10] 
[Grupo Veeam 25/98] MON-DBA-VOICEBOT Backup
[2026-03-07 15:46:10]  PROTEGIDO: MON-DBA-VOICEBOT Backup_1 (no tiene gemelas suficientes)
[2026-03-07 15:46:10] 
[Grupo Veeam 26/98] MON-DBA_APPMASTER_NODO1_PROD Backup
[2026-03-07 15:46:10]  PROTEGIDO: MON-DBA_APPMASTER_NODO1_PROD Backup (no tiene gemelas suficientes)
[2026-03-07 15:46:10] 
[Grupo Veeam 27/98] MON-DBA_BACKUP Backup
[2026-03-07 15:46:10]  PROTEGIDO: MON-DBA_BACKUP Backup (no tiene gemelas suficientes)
[2026-03-07 15:46:10] 
[Grupo Veeam 28/98] MON-DBA_POSTGRESQL_PROD Backup
[2026-03-07 15:46:10]   [1/2] Analizando: MON-DBA_POSTGRESQL_PROD Backup 1
[2026-03-07 15:46:10]      -> fecha=2026-03-07 03:02:46 | tamaño=38.71 GB | reciente=NO | hash=omitido (--no-hash)
[2026-03-07 15:46:10]   [2/2] Analizando: MON-DBA_POSTGRESQL_PROD Backup_1
[2026-03-07 15:46:10]      -> fecha=2026-03-03 04:17:13 | tamaño=38.40 GB | reciente=NO | hash=omitido (--no-hash)
[2026-03-07 15:46:10] 
[Grupo Veeam 29/98] MON-DEV-SOULCHAT-PROD Backup
[2026-03-07 15:46:10]  PROTEGIDO: MON-DEV-SOULCHAT-PROD Backup (no tiene gemelas suficientes)
[2026-03-07 15:46:10] 
[Grupo Veeam 30/98] MON-DEVOPS_BALANCER_MASTER Backup
[2026-03-07 15:46:10]  PROTEGIDO: MON-DEVOPS_BALANCER_MASTER Backup (no tiene gemelas suficientes)
[2026-03-07 15:46:10] 
[Grupo Veeam 31/98] MON-DEV_APPMASTER_PROJECTS_8.5-PROD Backup
[2026-03-07 15:46:10]  PROTEGIDO: MON-DEV_APPMASTER_PROJECTS_8.5-PROD Backup (no tiene gemelas suficientes)
[2026-03-07 15:46:10] 
[Grupo Veeam 32/98] MON-DEV_APPMASTER_PROJECTS_8.7-PROD1 Backup
[2026-03-07 15:46:10]  PROTEGIDO: MON-DEV_APPMASTER_PROJECTS_8.7-PROD1 Backup (no tiene gemelas suficientes)
[2026-03-07 15:46:10] 
[Grupo Veeam 33/98] MON-DEV_CARTERAS_PROD Backup
[2026-03-07 15:46:10]  PROTEGIDO: MON-DEV_CARTERAS_PROD Backup_1 (no tiene gemelas suficientes)
[2026-03-07 15:46:10] 
[Grupo Veeam 34/98] MON-DEV_CARTERAWOM-PROD Backup
[2026-03-07 15:46:10]   [1/2] Analizando: MON-DEV_CARTERAWOM-PROD Backup 1
[2026-03-07 15:46:10]      -> fecha=2026-03-07 03:13:27 | tamaño=55.05 GB | reciente=NO | hash=omitido (--no-hash)
[2026-03-07 15:46:10]   [2/2] Analizando: MON-DEV_CARTERAWOM-PROD Backup_1
[2026-03-07 15:46:10]      -> fecha=2026-03-03 04:16:39 | tamaño=55.77 GB | reciente=NO | hash=omitido (--no-hash)
[2026-03-07 15:46:10] 
[Grupo Veeam 35/98] MON-DEV_CENTOS_LARAVEL_PROD1 Backup
[2026-03-07 15:46:10]   [1/2] Analizando: MON-DEV_CENTOS_LARAVEL_PROD1 Backup
[2026-03-07 15:46:10]      -> fecha=2026-03-04 04:20:18 | tamaño=1.05 TB | reciente=NO | hash=omitido (--no-hash)
[2026-03-07 15:46:10]   [2/2] Analizando: MON-DEV_CENTOS_LARAVEL_PROD1 Backup 1
[2026-03-07 15:46:10]      -> fecha=2026-03-07 04:02:35 | tamaño=1.05 TB | reciente=NO | hash=omitido (--no-hash)
[2026-03-07 15:46:10] 
[Grupo Veeam 36/98] MON-DEV_F5_NGINX_PLUS Backup
[2026-03-07 15:46:10]  PROTEGIDO: MON-DEV_F5_NGINX_PLUS Backup (no tiene gemelas suficientes)
[2026-03-07 15:46:10] 
[Grupo Veeam 37/98] MON-DEV_KUBE-RECORDS Backup
[2026-03-07 15:46:10]  PROTEGIDO: MON-DEV_KUBE-RECORDS Backup_1 (no tiene gemelas suficientes)
[2026-03-07 15:46:10] 
[Grupo Veeam 38/98] MON-DEV_MIOS_MICROSERVICES_PROD_DOCKERS_NUEVOS Backup
[2026-03-07 15:46:10]   [1/2] Analizando: MON-DEV_MIOS_MICROSERVICES_PROD_DOCKERS_NUEVOS Backup 1
[2026-03-07 15:46:10]      -> fecha=2026-03-07 03:31:20 | tamaño=167.17 GB | reciente=NO | hash=omitido (--no-hash)
[2026-03-07 15:46:10]   [2/2] Analizando: MON-DEV_MIOS_MICROSERVICES_PROD_DOCKERS_NUEVOS Backup_1
[2026-03-07 15:46:10]      -> fecha=2026-03-04 04:47:32 | tamaño=173.31 GB | reciente=NO | hash=omitido (--no-hash)
[2026-03-07 15:46:10] 
[Grupo Veeam 39/98] MON-DEV_MIOS_MICROSERVICES_PROD_DOCKERS_NUEVOS_PRUEBA Backup
[2026-03-07 15:46:10]  PROTEGIDO: MON-DEV_MIOS_MICROSERVICES_PROD_DOCKERS_NUEVOS_PRUEBA Backup (no tiene gemelas suficientes)
[2026-03-07 15:46:10] 
[Grupo Veeam 40/98] MON-DEV_MIOS_MICROSERVICES_QUALITY1 Backup
[2026-03-07 15:46:10]   [1/2] Analizando: MON-DEV_MIOS_MICROSERVICES_QUALITY1 Backup
[2026-03-07 15:46:11]      -> fecha=2026-03-03 04:15:37 | tamaño=35.00 GB | reciente=NO | hash=omitido (--no-hash)
[2026-03-07 15:46:11]   [2/2] Analizando: MON-DEV_MIOS_MICROSERVICES_QUALITY1 Backup 1
[2026-03-07 15:46:11]      -> fecha=2026-03-07 03:07:40 | tamaño=32.66 GB | reciente=NO | hash=omitido (--no-hash)
[2026-03-07 15:46:11] 
[Grupo Veeam 41/98] MON-DEV_MIOS_MICROSERVICES_QUALITY_TF Backup
[2026-03-07 15:46:11]  PROTEGIDO: MON-DEV_MIOS_MICROSERVICES_QUALITY_TF Backup (no tiene gemelas suficientes)
[2026-03-07 15:46:11] 
[Grupo Veeam 42/98] MON-DEV_MIOS_VICIDIAL_PROD Backup
[2026-03-07 15:46:11]  PROTEGIDO: MON-DEV_MIOS_VICIDIAL_PROD Backup_1 (no tiene gemelas suficientes)
[2026-03-07 15:46:11] 
[Grupo Veeam 43/98] MON-DEV_PROD_APPMASTER_3-PROD Backup
[2026-03-07 15:46:11]  PROTEGIDO: MON-DEV_PROD_APPMASTER_3-PROD Backup (no tiene gemelas suficientes)
[2026-03-07 15:46:11] 
[Grupo Veeam 44/98] MON-DEV_PROD_APPMASTER_4-prod Backup
[2026-03-07 15:46:11]  PROTEGIDO: MON-DEV_PROD_APPMASTER_4-prod Backup (no tiene gemelas suficientes)
[2026-03-07 15:46:11] 
[Grupo Veeam 45/98] MON-DEV_RP_WEB_SERVICES-PROD Backup
[2026-03-07 15:46:11]  PROTEGIDO: MON-DEV_RP_WEB_SERVICES-PROD Backup_1 (no tiene gemelas suficientes)
[2026-03-07 15:46:11] 
[Grupo Veeam 46/98] MON-DEV_RRHH-PROD Backup
[2026-03-07 15:46:11]   [1/2] Analizando: MON-DEV_RRHH-PROD Backup
[2026-03-07 15:46:11]      -> fecha=2026-03-03 04:12:39 | tamaño=134.20 GB | reciente=NO | hash=omitido (--no-hash)
[2026-03-07 15:46:11]   [2/2] Analizando: MON-DEV_RRHH-PROD Backup 1
[2026-03-07 15:46:11]      -> fecha=2026-03-07 04:15:47 | tamaño=131.48 GB | reciente=NO | hash=omitido (--no-hash)
[2026-03-07 15:46:11] 
[Grupo Veeam 47/98] MON-DEV_VICIDIAL_MARCADOR2 Backup
[2026-03-07 15:46:11]  PROTEGIDO: MON-DEV_VICIDIAL_MARCADOR2 Backup_1 (no tiene gemelas suficientes)
[2026-03-07 15:46:11] 
[Grupo Veeam 48/98] MON-DEV_VICIDIAL_MASTER Backup
[2026-03-07 15:46:11]  PROTEGIDO: MON-DEV_VICIDIAL_MASTER Backup_1 (no tiene gemelas suficientes)
[2026-03-07 15:46:11] 
[Grupo Veeam 49/98] MON-DEV_VICIDIAL_NODO3 Backup
[2026-03-07 15:46:11]  PROTEGIDO: MON-DEV_VICIDIAL_NODO3 Backup_1 (no tiene gemelas suficientes)
[2026-03-07 15:46:11] 
[Grupo Veeam 50/98] MON-DEV_VICIDIAL_WEB-RTC Backup
[2026-03-07 15:46:11]   [1/2] Analizando: MON-DEV_VICIDIAL_WEB-RTC Backup 1
[2026-03-07 15:46:11]      -> fecha=2026-03-07 03:00:53 | tamaño=148.09 GB | reciente=NO | hash=omitido (--no-hash)
[2026-03-07 15:46:11]   [2/2] Analizando: MON-DEV_VICIDIAL_WEB-RTC Backup_1
[2026-03-07 15:46:11]      -> fecha=2026-03-04 04:31:14 | tamaño=148.25 GB | reciente=NO | hash=omitido (--no-hash)
[2026-03-07 15:46:11] 
[Grupo Veeam 51/98] MON-DEV_VivamosHumanosWP Backup
[2026-03-07 15:46:11]  PROTEGIDO: MON-DEV_VivamosHumanosWP Backup_1 (no tiene gemelas suficientes)
[2026-03-07 15:46:11] 
[Grupo Veeam 52/98] MON-DEV_WIN10_CORREO_SBS Backup
[2026-03-07 15:46:11]   [1/2] Analizando: MON-DEV_WIN10_CORREO_SBS Backup 1
[2026-03-07 15:46:11]      -> fecha=2026-03-07 03:15:49 | tamaño=232.94 GB | reciente=NO | hash=omitido (--no-hash)
[2026-03-07 15:46:11]   [2/2] Analizando: MON-DEV_WIN10_CORREO_SBS Backup_1
[2026-03-07 15:46:11]      -> fecha=2026-03-03 04:26:12 | tamaño=253.14 GB | reciente=NO | hash=omitido (--no-hash)
[2026-03-07 15:46:11] 
[Grupo Veeam 53/98] MON-DEV_WIN10_NEW_SBS_INBOUND Backup
[2026-03-07 15:46:11]  PROTEGIDO: MON-DEV_WIN10_NEW_SBS_INBOUND Backup_1 (no tiene gemelas suficientes)
[2026-03-07 15:46:11] 
[Grupo Veeam 54/98] MON-DEV_WIN10_RECOVER_TOP_ETB Backup
[2026-03-07 15:46:11]   [1/2] Analizando: MON-DEV_WIN10_RECOVER_TOP_ETB Backup 1
[2026-03-07 15:46:11]      -> fecha=2026-03-07 03:02:05 | tamaño=313.59 GB | reciente=NO | hash=omitido (--no-hash)
[2026-03-07 15:46:11]   [2/2] Analizando: MON-DEV_WIN10_RECOVER_TOP_ETB Backup_1
[2026-03-07 15:46:12]      -> fecha=2026-03-04 04:26:39 | tamaño=324.49 GB | reciente=NO | hash=omitido (--no-hash)
[2026-03-07 15:46:12] 
[Grupo Veeam 55/98] MON-DEV_WINDOWS_CRM_EXPRESS Backup
[2026-03-07 15:46:12]   [1/2] Analizando: MON-DEV_WINDOWS_CRM_EXPRESS Backup 2
[2026-03-07 15:46:12]      -> fecha=2026-03-07 03:36:46 | tamaño=155.41 GB | reciente=NO | hash=omitido (--no-hash)
[2026-03-07 15:46:12]   [2/2] Analizando: MON-DEV_WINDOWS_CRM_EXPRESS Backup_1
[2026-03-07 15:46:12]      -> fecha=2026-03-04 04:31:36 | tamaño=165.65 GB | reciente=NO | hash=omitido (--no-hash)
[2026-03-07 15:46:12] 
[Grupo Veeam 56/98] MON-GLPI-PROD Backup
[2026-03-07 15:46:12]  PROTEGIDO: MON-GLPI-PROD Backup_1 (no tiene gemelas suficientes)
[2026-03-07 15:46:12] 
[Grupo Veeam 57/98] MON-GLPI_CONTACTO-PROD Backup
[2026-03-07 15:46:12]  PROTEGIDO: MON-GLPI_CONTACTO-PROD Backup_1 (no tiene gemelas suficientes)
[2026-03-07 15:46:12] 
[Grupo Veeam 58/98] MON-JITSI-PROD Backup
[2026-03-07 15:46:12]  PROTEGIDO: MON-JITSI-PROD Backup_1 (no tiene gemelas suficientes)
[2026-03-07 15:46:12] 
[Grupo Veeam 59/98] MON-MICROSERVICES-DOCKERS-QA Backup
[2026-03-07 15:46:12]  PROTEGIDO: MON-MICROSERVICES-DOCKERS-QA Backup (no tiene gemelas suficientes)
[2026-03-07 15:46:12] 
[Grupo Veeam 60/98] MON-MIOS1_PROD Backup
[2026-03-07 15:46:12]  PROTEGIDO: MON-MIOS1_PROD Backup_1 (no tiene gemelas suficientes)
[2026-03-07 15:46:12] 
[Grupo Veeam 61/98] MON-MYSQL-QA Backup
[2026-03-07 15:46:12]  PROTEGIDO: MON-MYSQL-QA Backup (no tiene gemelas suficientes)
[2026-03-07 15:46:12] 
[Grupo Veeam 62/98] MON-OMNICHANNEL_CENTOS_DASHBOTS_87-PROD Backup
[2026-03-07 15:46:12]  PROTEGIDO: MON-OMNICHANNEL_CENTOS_DASHBOTS_87-PROD Backup_1 (no tiene gemelas suficientes)
[2026-03-07 15:46:12] 
[Grupo Veeam 63/98] MON-QA-TESTLINK Backup
[2026-03-07 15:46:12]  PROTEGIDO: MON-QA-TESTLINK Backup (no tiene gemelas suficientes)
[2026-03-07 15:46:12] 
[Grupo Veeam 64/98] MON-RPA-CLAROVENTAS-PROD-1 Backup
[2026-03-07 15:46:12]  PROTEGIDO: MON-RPA-CLAROVENTAS-PROD-1 Backup (no tiene gemelas suficientes)
[2026-03-07 15:46:12] 
[Grupo Veeam 65/98] MON-RPA-CLAROVENTAS-PROD-2 Backup
[2026-03-07 15:46:12]  PROTEGIDO: MON-RPA-CLAROVENTAS-PROD-2 Backup (no tiene gemelas suficientes)
[2026-03-07 15:46:12] 
[Grupo Veeam 66/98] MON-SMART-CONFIANZA-QA Backup
[2026-03-07 15:46:12]  PROTEGIDO: MON-SMART-CONFIANZA-QA Backup (no tiene gemelas suficientes)
[2026-03-07 15:46:12] 
[Grupo Veeam 67/98] MON-SMART-GM-PROD Backup
[2026-03-07 15:46:12]  PROTEGIDO: MON-SMART-GM-PROD Backup_1 (no tiene gemelas suficientes)
[2026-03-07 15:46:12] 
[Grupo Veeam 68/98] MON-SMART-GW1-SBS-PROD Backup
[2026-03-07 15:46:12]  PROTEGIDO: MON-SMART-GW1-SBS-PROD Backup_1 (no tiene gemelas suficientes)
[2026-03-07 15:46:12] 
[Grupo Veeam 69/98] MON-SMART-GW2-GMF-PROD Backup
[2026-03-07 15:46:12]  PROTEGIDO: MON-SMART-GW2-GMF-PROD Backup_1 (no tiene gemelas suficientes)
[2026-03-07 15:46:12] 
[Grupo Veeam 70/98] MON-SMART-GW3-CONFIANZA-PROD Backup
[2026-03-07 15:46:12]  PROTEGIDO: MON-SMART-GW3-CONFIANZA-PROD Backup_1 (no tiene gemelas suficientes)
[2026-03-07 15:46:12] 
[Grupo Veeam 71/98] MON-SMART-GWGMF-QA Backup
[2026-03-07 15:46:12]  PROTEGIDO: MON-SMART-GWGMF-QA Backup (no tiene gemelas suficientes)
[2026-03-07 15:46:12] 
[Grupo Veeam 72/98] MON-SMART-GWSBS-QA Backup
[2026-03-07 15:46:12]   [1/2] Analizando: MON-SMART-GWSBS-QA Backup
[2026-03-07 15:46:12]      -> fecha=2026-03-03 04:14:53 | tamaño=49.68 GB | reciente=NO | hash=omitido (--no-hash)
[2026-03-07 15:46:12]   [2/2] Analizando: MON-SMART-GWSBS-QA Backup 1
[2026-03-07 15:46:12]      -> fecha=2026-03-07 03:24:57 | tamaño=49.68 GB | reciente=NO | hash=omitido (--no-hash)
[2026-03-07 15:46:12] 
[Grupo Veeam 73/98] MON-SMART-QA Backup
[2026-03-07 15:46:12]  PROTEGIDO: MON-SMART-QA Backup (no tiene gemelas suficientes)
[2026-03-07 15:46:12] 
[Grupo Veeam 74/98] MON-SMART_CONFIANZA-PROD_TF Backup
[2026-03-07 15:46:12]  PROTEGIDO: MON-SMART_CONFIANZA-PROD_TF Backup (no tiene gemelas suficientes)
[2026-03-07 15:46:12] 
[Grupo Veeam 75/98] MONT-AUTO-GOPASS Backup
[2026-03-07 15:46:12]  PROTEGIDO: MONT-AUTO-GOPASS Backup (no tiene gemelas suficientes)
[2026-03-07 15:46:12] 
[Grupo Veeam 76/98] MONT-AZDEVOPS_NODO1 Backup
[2026-03-07 15:46:12]  PROTEGIDO: MONT-AZDEVOPS_NODO1 Backup (no tiene gemelas suficientes)
[2026-03-07 15:46:12] 
[Grupo Veeam 77/98] MONT-AZDEVOPS_NODO2 Backup
[2026-03-07 15:46:12]  PROTEGIDO: MONT-AZDEVOPS_NODO2 Backup_1 (no tiene gemelas suficientes)
[2026-03-07 15:46:12] 
[Grupo Veeam 78/98] MONT-AZDEVOPS_NODO3 Backup
[2026-03-07 15:46:12]  PROTEGIDO: MONT-AZDEVOPS_NODO3 Backup (no tiene gemelas suficientes)
[2026-03-07 15:46:12] 
[Grupo Veeam 79/98] MONT-CLOUD-DEMO Backup
[2026-03-07 15:46:12]  PROTEGIDO: MONT-CLOUD-DEMO Backup (no tiene gemelas suficientes)
[2026-03-07 15:46:12] 
[Grupo Veeam 80/98] MONT-CLOUD-ETBSOUL Backup
[2026-03-07 15:46:12]  PROTEGIDO: MONT-CLOUD-ETBSOUL Backup (no tiene gemelas suficientes)
[2026-03-07 15:46:12] 
[Grupo Veeam 81/98] MONT-CLOUD-OMNICANALIDAD Backup
[2026-03-07 15:46:12]  PROTEGIDO: MONT-CLOUD-OMNICANALIDAD Backup (no tiene gemelas suficientes)
[2026-03-07 15:46:12] 
[Grupo Veeam 82/98] MONT-CLOUD-PROXY-PUBLICOS INTERNO Backup
[2026-03-07 15:46:12]  PROTEGIDO: MONT-CLOUD-PROXY-PUBLICOS INTERNO Backup (no tiene gemelas suficientes)
[2026-03-07 15:46:12] 
[Grupo Veeam 83/98] MONT-CLOUD_K8S_CORE Backup
[2026-03-07 15:46:12]  PROTEGIDO: MONT-CLOUD_K8S_CORE Backup (no tiene gemelas suficientes)
[2026-03-07 15:46:12] 
[Grupo Veeam 84/98] MONT-CLOUD_K8S_CORE_LEGACYNODE Backup
[2026-03-07 15:46:12]  PROTEGIDO: MONT-CLOUD_K8S_CORE_LEGACYNODE Backup (no tiene gemelas suficientes)
[2026-03-07 15:46:12] 
[Grupo Veeam 85/98] MONT-CLOUD_K8S_CORE_LEGACYNODE2 Backup
[2026-03-07 15:46:12]  PROTEGIDO: MONT-CLOUD_K8S_CORE_LEGACYNODE2 Backup (no tiene gemelas suficientes)
[2026-03-07 15:46:12] 
[Grupo Veeam 86/98] MONT-K8S-SOULAPPS_QA Backup
[2026-03-07 15:46:12]   [1/2] Analizando: MONT-K8S-SOULAPPS_QA Backup
[2026-03-07 15:46:12]      -> fecha=2026-03-03 04:01:58 | tamaño=65.62 GB | reciente=NO | hash=omitido (--no-hash)
[2026-03-07 15:46:12]   [2/2] Analizando: MONT-K8S-SOULAPPS_QA Backup 1
[2026-03-07 15:46:12]      -> fecha=2026-03-07 04:11:48 | tamaño=55.63 GB | reciente=NO | hash=omitido (--no-hash)
[2026-03-07 15:46:12] 
[Grupo Veeam 87/98] MONT-K8S-TEST2 Backup
[2026-03-07 15:46:12]  PROTEGIDO: MONT-K8S-TEST2 Backup (no tiene gemelas suficientes)
[2026-03-07 15:46:12] 
[Grupo Veeam 88/98] MONT-PROXY-IFX Backup
[2026-03-07 15:46:12]  PROTEGIDO: MONT-PROXY-IFX Backup (no tiene gemelas suficientes)
[2026-03-07 15:46:12] 
[Grupo Veeam 89/98] MONT-SBS_OFFICIAL-PROD Backup
[2026-03-07 15:46:12]  PROTEGIDO: MONT-SBS_OFFICIAL-PROD Backup (no tiene gemelas suficientes)
[2026-03-07 15:46:12] 
[Grupo Veeam 90/98] MONT-SBS_OFFICIAL-QA Backup
[2026-03-07 15:46:12]  PROTEGIDO: MONT-SBS_OFFICIAL-QA Backup (no tiene gemelas suficientes)
[2026-03-07 15:46:12] 
[Grupo Veeam 91/98] MONT-SOUL-PROD_NEW Backup
[2026-03-07 15:46:12]   [1/2] Analizando: MONT-SOUL-PROD_NEW Backup
[2026-03-07 15:46:13]      -> fecha=2026-03-04 04:45:48 | tamaño=698.98 GB | reciente=NO | hash=omitido (--no-hash)
[2026-03-07 15:46:13]   [2/2] Analizando: MONT-SOUL-PROD_NEW Backup 1
[2026-03-07 15:46:13]      -> fecha=2026-03-07 04:23:13 | tamaño=677.77 GB | reciente=NO | hash=omitido (--no-hash)
[2026-03-07 15:46:13] 
[Grupo Veeam 92/98] MON_DEV_PROD_PRE-EXPRESS-PROD Backup
[2026-03-07 15:46:13]  PROTEGIDO: MON_DEV_PROD_PRE-EXPRESS-PROD Backup_1 (no tiene gemelas suficientes)
[2026-03-07 15:46:13] 
[Grupo Veeam 93/98] OCS_INVENTORY_V2 Backup
[2026-03-07 15:46:13]  PROTEGIDO: OCS_INVENTORY_V2 Backup (no tiene gemelas suficientes)
[2026-03-07 15:46:13] 
[Grupo Veeam 94/98] PRUEBAS SONARQUBE DANIELA Backup
[2026-03-07 15:46:13]  PROTEGIDO: PRUEBAS SONARQUBE DANIELA Backup (no tiene gemelas suficientes)
[2026-03-07 15:46:13] 
[Grupo Veeam 95/98] Semilla Basica Backup
[2026-03-07 15:46:13]  PROTEGIDO: Semilla Basica Backup (no tiene gemelas suficientes)
[2026-03-07 15:46:13] 
[Grupo Veeam 96/98] veeam 13 Backup
[2026-03-07 15:46:13]  PROTEGIDO: veeam 13 Backup (no tiene gemelas suficientes)
[2026-03-07 15:46:13] 
[Grupo Veeam 97/98] VEEAM Backup
[2026-03-07 15:46:13]  PROTEGIDO: VEEAM Backup (no tiene gemelas suficientes)
[2026-03-07 15:46:13] 
[Grupo Veeam 98/98] WORDPRESS_NGINX_MICROSITES Backup
[2026-03-07 15:46:13]  PROTEGIDO: WORDPRESS_NGINX_MICROSITES Backup (no tiene gemelas suficientes)
[2026-03-07 15:46:13] 
 Se encontraron 16 par(es) de carpetas duplicadas

[2026-03-07 15:46:13]   • COS-SOPORTE-WIN10_22h2 Backup_1 → ELIMINAR
[2026-03-07 15:46:13]     ↳ Conservar: COS-SOPORTE-WIN10_22h2 Backup 1
[2026-03-07 15:46:13]     ↳ Tamaño: 53.57 GB
[2026-03-07 15:46:13] 
[2026-03-07 15:46:13]   • MON-CLOUD-WIN_NOTIFICACIONES Backup_1 → ELIMINAR
[2026-03-07 15:46:13]     ↳ Conservar: MON-CLOUD-WIN_NOTIFICACIONES Backup 1
[2026-03-07 15:46:13]     ↳ Tamaño: 242.03 GB
[2026-03-07 15:46:13] 
[2026-03-07 15:46:13]   • MON-DBA-CRM2_NODO_1 Backup → ELIMINAR
[2026-03-07 15:46:13]     ↳ Conservar: MON-DBA-CRM2_NODO_1 Backup 1
[2026-03-07 15:46:13]     ↳ Tamaño: 227.58 GB
[2026-03-07 15:46:13] 
[2026-03-07 15:46:13]   • MON-DBA_POSTGRESQL_PROD Backup_1 → ELIMINAR
[2026-03-07 15:46:13]     ↳ Conservar: MON-DBA_POSTGRESQL_PROD Backup 1
[2026-03-07 15:46:13]     ↳ Tamaño: 38.40 GB
[2026-03-07 15:46:13] 
[2026-03-07 15:46:13]   • MON-DEV_CARTERAWOM-PROD Backup_1 → ELIMINAR
[2026-03-07 15:46:13]     ↳ Conservar: MON-DEV_CARTERAWOM-PROD Backup 1
[2026-03-07 15:46:13]     ↳ Tamaño: 55.77 GB
[2026-03-07 15:46:13] 
[2026-03-07 15:46:13]   • MON-DEV_CENTOS_LARAVEL_PROD1 Backup → ELIMINAR
[2026-03-07 15:46:13]     ↳ Conservar: MON-DEV_CENTOS_LARAVEL_PROD1 Backup 1
[2026-03-07 15:46:13]     ↳ Tamaño: 1.05 TB
[2026-03-07 15:46:13] 
[2026-03-07 15:46:13]   • MON-DEV_MIOS_MICROSERVICES_PROD_DOCKERS_NUEVOS Backup_1 → ELIMINAR
[2026-03-07 15:46:13]     ↳ Conservar: MON-DEV_MIOS_MICROSERVICES_PROD_DOCKERS_NUEVOS Backup 1
[2026-03-07 15:46:13]     ↳ Tamaño: 173.31 GB
[2026-03-07 15:46:13] 
[2026-03-07 15:46:13]   • MON-DEV_MIOS_MICROSERVICES_QUALITY1 Backup → ELIMINAR
[2026-03-07 15:46:13]     ↳ Conservar: MON-DEV_MIOS_MICROSERVICES_QUALITY1 Backup 1
[2026-03-07 15:46:13]     ↳ Tamaño: 35.00 GB
[2026-03-07 15:46:13] 
[2026-03-07 15:46:13]   • MON-DEV_RRHH-PROD Backup → ELIMINAR
[2026-03-07 15:46:13]     ↳ Conservar: MON-DEV_RRHH-PROD Backup 1
[2026-03-07 15:46:13]     ↳ Tamaño: 134.20 GB
[2026-03-07 15:46:13] 
[2026-03-07 15:46:13]   • MON-DEV_VICIDIAL_WEB-RTC Backup_1 → ELIMINAR
[2026-03-07 15:46:13]     ↳ Conservar: MON-DEV_VICIDIAL_WEB-RTC Backup 1
[2026-03-07 15:46:13]     ↳ Tamaño: 148.25 GB
[2026-03-07 15:46:13] 
[2026-03-07 15:46:13]   • MON-DEV_WIN10_CORREO_SBS Backup_1 → ELIMINAR
[2026-03-07 15:46:13]     ↳ Conservar: MON-DEV_WIN10_CORREO_SBS Backup 1
[2026-03-07 15:46:13]     ↳ Tamaño: 253.14 GB
[2026-03-07 15:46:13] 
[2026-03-07 15:46:13]   • MON-DEV_WIN10_RECOVER_TOP_ETB Backup_1 → ELIMINAR
[2026-03-07 15:46:13]     ↳ Conservar: MON-DEV_WIN10_RECOVER_TOP_ETB Backup 1
[2026-03-07 15:46:13]     ↳ Tamaño: 324.49 GB
[2026-03-07 15:46:13] 
[2026-03-07 15:46:13]   • MON-DEV_WINDOWS_CRM_EXPRESS Backup_1 → ELIMINAR
[2026-03-07 15:46:13]     ↳ Conservar: MON-DEV_WINDOWS_CRM_EXPRESS Backup 2
[2026-03-07 15:46:13]     ↳ Tamaño: 165.65 GB
[2026-03-07 15:46:13] 
[2026-03-07 15:46:13]   • MON-SMART-GWSBS-QA Backup → ELIMINAR
[2026-03-07 15:46:13]     ↳ Conservar: MON-SMART-GWSBS-QA Backup 1
[2026-03-07 15:46:13]     ↳ Tamaño: 49.68 GB
[2026-03-07 15:46:13] 
[2026-03-07 15:46:13]   • MONT-K8S-SOULAPPS_QA Backup → ELIMINAR
[2026-03-07 15:46:13]     ↳ Conservar: MONT-K8S-SOULAPPS_QA Backup 1
[2026-03-07 15:46:13]     ↳ Tamaño: 65.62 GB
[2026-03-07 15:46:13] 
[2026-03-07 15:46:13]   • MONT-SOUL-PROD_NEW Backup → ELIMINAR
[2026-03-07 15:46:13]     ↳ Conservar: MONT-SOUL-PROD_NEW Backup 1
[2026-03-07 15:46:13]     ↳ Tamaño: 698.98 GB
[2026-03-07 15:46:13] 
[2026-03-07 15:46:13] 
Esto es una SIMULACIÓN. Para eliminar realmente, ejecuta:
[2026-03-07 15:46:13]    python3 /app/cleanup.py --execute

[2026-03-07 15:46:13] 
================================================================================
[2026-03-07 15:46:13] MODO: DRY-RUN (SIMULACIÓN)
[2026-03-07 15:46:13] ================================================================================

[2026-03-07 15:46:13] 
────────────────────────────────────────────────────────────────────────────────
[2026-03-07 15:46:13] [1/16] Job: COS-SOPORTE-WIN10_22h2
[2026-03-07 15:46:13] ────────────────────────────────────────────────────────────────────────────────
[2026-03-07 15:46:13]   ELIMINAR:  COS-SOPORTE-WIN10_22h2 Backup_1
[2026-03-07 15:46:13]   CONSERVAR: COS-SOPORTE-WIN10_22h2 Backup 1
[2026-03-07 15:46:13]   Fecha a eliminar:  2026-03-03 04:14:58
[2026-03-07 15:46:13]   Fecha a conservar: 2026-03-07 04:15:46
[2026-03-07 15:46:13]   Tamaño a liberar: 53.57 GB
[2026-03-07 15:46:13]   Patrón detectado: Veeam
[2026-03-07 15:46:13]   Estado: MULTI
[2026-03-07 15:46:13]  Simulación: NO se eliminó nada
[2026-03-07 15:46:13] 
────────────────────────────────────────────────────────────────────────────────
[2026-03-07 15:46:13] [2/16] Job: MON-CLOUD-WIN_NOTIFICACIONES
[2026-03-07 15:46:13] ────────────────────────────────────────────────────────────────────────────────
[2026-03-07 15:46:13]   ELIMINAR:  MON-CLOUD-WIN_NOTIFICACIONES Backup_1
[2026-03-07 15:46:13]   CONSERVAR: MON-CLOUD-WIN_NOTIFICACIONES Backup 1
[2026-03-07 15:46:13]   Fecha a eliminar:  2026-03-03 04:08:02
[2026-03-07 15:46:13]   Fecha a conservar: 2026-03-07 04:16:12
[2026-03-07 15:46:13]   Tamaño a liberar: 242.03 GB
[2026-03-07 15:46:13]   Patrón detectado: Veeam
[2026-03-07 15:46:13]   Estado: MULTI
[2026-03-07 15:46:13]  Simulación: NO se eliminó nada
[2026-03-07 15:46:13] 
────────────────────────────────────────────────────────────────────────────────
[2026-03-07 15:46:13] [3/16] Job: MON-DBA-CRM2_NODO
[2026-03-07 15:46:13] ────────────────────────────────────────────────────────────────────────────────
[2026-03-07 15:46:13]   ELIMINAR:  MON-DBA-CRM2_NODO_1 Backup
[2026-03-07 15:46:13]   CONSERVAR: MON-DBA-CRM2_NODO_1 Backup 1
[2026-03-07 15:46:13]   Fecha a eliminar:  2026-03-03 05:02:28
[2026-03-07 15:46:13]   Fecha a conservar: 2026-03-07 04:00:20
[2026-03-07 15:46:13]   Tamaño a liberar: 227.58 GB
[2026-03-07 15:46:13]   Patrón detectado: Veeam
[2026-03-07 15:46:13]   Estado: MULTI
[2026-03-07 15:46:13]  Simulación: NO se eliminó nada
[2026-03-07 15:46:13] 
────────────────────────────────────────────────────────────────────────────────
[2026-03-07 15:46:13] [4/16] Job: MON-DBA_POSTGRESQL_PROD
[2026-03-07 15:46:13] ────────────────────────────────────────────────────────────────────────────────
[2026-03-07 15:46:13]   ELIMINAR:  MON-DBA_POSTGRESQL_PROD Backup_1
[2026-03-07 15:46:13]   CONSERVAR: MON-DBA_POSTGRESQL_PROD Backup 1
[2026-03-07 15:46:13]   Fecha a eliminar:  2026-03-03 04:17:13
[2026-03-07 15:46:13]   Fecha a conservar: 2026-03-07 03:02:46
[2026-03-07 15:46:13]   Tamaño a liberar: 38.40 GB
[2026-03-07 15:46:13]   Patrón detectado: Veeam
[2026-03-07 15:46:13]   Estado: MULTI
[2026-03-07 15:46:13]  Simulación: NO se eliminó nada
[2026-03-07 15:46:13] 
────────────────────────────────────────────────────────────────────────────────
[2026-03-07 15:46:13] [5/16] Job: MON-DEV_CARTERAWOM-PROD
[2026-03-07 15:46:13] ────────────────────────────────────────────────────────────────────────────────
[2026-03-07 15:46:13]   ELIMINAR:  MON-DEV_CARTERAWOM-PROD Backup_1
[2026-03-07 15:46:13]   CONSERVAR: MON-DEV_CARTERAWOM-PROD Backup 1
[2026-03-07 15:46:13]   Fecha a eliminar:  2026-03-03 04:16:39
[2026-03-07 15:46:13]   Fecha a conservar: 2026-03-07 03:13:27
[2026-03-07 15:46:13]   Tamaño a liberar: 55.77 GB
[2026-03-07 15:46:13]   Patrón detectado: Veeam
[2026-03-07 15:46:13]   Estado: MULTI
[2026-03-07 15:46:13]  Simulación: NO se eliminó nada
[2026-03-07 15:46:13] 
────────────────────────────────────────────────────────────────────────────────
[2026-03-07 15:46:13] [6/16] Job: MON-DEV_CENTOS_LARAVEL_PROD1
[2026-03-07 15:46:13] ────────────────────────────────────────────────────────────────────────────────
[2026-03-07 15:46:13]   ELIMINAR:  MON-DEV_CENTOS_LARAVEL_PROD1 Backup
[2026-03-07 15:46:13]   CONSERVAR: MON-DEV_CENTOS_LARAVEL_PROD1 Backup 1
[2026-03-07 15:46:13]   Fecha a eliminar:  2026-03-04 04:20:18
[2026-03-07 15:46:13]   Fecha a conservar: 2026-03-07 04:02:35
[2026-03-07 15:46:13]   Tamaño a liberar: 1.05 TB
[2026-03-07 15:46:13]   Patrón detectado: Veeam
[2026-03-07 15:46:13]   Estado: MULTI
[2026-03-07 15:46:13]  Simulación: NO se eliminó nada
[2026-03-07 15:46:13] 
────────────────────────────────────────────────────────────────────────────────
[2026-03-07 15:46:13] [7/16] Job: MON-DEV_MIOS_MICROSERVICES_PROD_DOCKERS_NUEVOS
[2026-03-07 15:46:13] ────────────────────────────────────────────────────────────────────────────────
[2026-03-07 15:46:13]   ELIMINAR:  MON-DEV_MIOS_MICROSERVICES_PROD_DOCKERS_NUEVOS Backup_1
[2026-03-07 15:46:13]   CONSERVAR: MON-DEV_MIOS_MICROSERVICES_PROD_DOCKERS_NUEVOS Backup 1
[2026-03-07 15:46:13]   Fecha a eliminar:  2026-03-04 04:47:32
[2026-03-07 15:46:13]   Fecha a conservar: 2026-03-07 03:31:20
[2026-03-07 15:46:13]   Tamaño a liberar: 173.31 GB
[2026-03-07 15:46:13]   Patrón detectado: Veeam
[2026-03-07 15:46:13]   Estado: MULTI
[2026-03-07 15:46:13]  Simulación: NO se eliminó nada
[2026-03-07 15:46:13] 
────────────────────────────────────────────────────────────────────────────────
[2026-03-07 15:46:13] [8/16] Job: MON-DEV_MIOS_MICROSERVICES_QUALITY1
[2026-03-07 15:46:13] ────────────────────────────────────────────────────────────────────────────────
[2026-03-07 15:46:13]   ELIMINAR:  MON-DEV_MIOS_MICROSERVICES_QUALITY1 Backup
[2026-03-07 15:46:13]   CONSERVAR: MON-DEV_MIOS_MICROSERVICES_QUALITY1 Backup 1
[2026-03-07 15:46:13]   Fecha a eliminar:  2026-03-03 04:15:37
[2026-03-07 15:46:13]   Fecha a conservar: 2026-03-07 03:07:40
[2026-03-07 15:46:13]   Tamaño a liberar: 35.00 GB
[2026-03-07 15:46:13]   Patrón detectado: Veeam
[2026-03-07 15:46:13]   Estado: MULTI
[2026-03-07 15:46:13]  Simulación: NO se eliminó nada
[2026-03-07 15:46:13] 
────────────────────────────────────────────────────────────────────────────────
[2026-03-07 15:46:13] [9/16] Job: MON-DEV_RRHH-PROD
[2026-03-07 15:46:13] ────────────────────────────────────────────────────────────────────────────────
[2026-03-07 15:46:13]   ELIMINAR:  MON-DEV_RRHH-PROD Backup
[2026-03-07 15:46:13]   CONSERVAR: MON-DEV_RRHH-PROD Backup 1
[2026-03-07 15:46:13]   Fecha a eliminar:  2026-03-03 04:12:39
[2026-03-07 15:46:13]   Fecha a conservar: 2026-03-07 04:15:47
[2026-03-07 15:46:13]   Tamaño a liberar: 134.20 GB
[2026-03-07 15:46:13]   Patrón detectado: Veeam
[2026-03-07 15:46:13]   Estado: MULTI
[2026-03-07 15:46:13]  Simulación: NO se eliminó nada
[2026-03-07 15:46:13] 
────────────────────────────────────────────────────────────────────────────────
[2026-03-07 15:46:13] [10/16] Job: MON-DEV_VICIDIAL_WEB-RTC
[2026-03-07 15:46:13] ────────────────────────────────────────────────────────────────────────────────
[2026-03-07 15:46:13]   ELIMINAR:  MON-DEV_VICIDIAL_WEB-RTC Backup_1
[2026-03-07 15:46:13]   CONSERVAR: MON-DEV_VICIDIAL_WEB-RTC Backup 1
[2026-03-07 15:46:13]   Fecha a eliminar:  2026-03-04 04:31:14
[2026-03-07 15:46:13]   Fecha a conservar: 2026-03-07 03:00:53
[2026-03-07 15:46:13]   Tamaño a liberar: 148.25 GB
[2026-03-07 15:46:13]   Patrón detectado: Veeam
[2026-03-07 15:46:13]   Estado: MULTI
[2026-03-07 15:46:13]  Simulación: NO se eliminó nada
[2026-03-07 15:46:13] 
────────────────────────────────────────────────────────────────────────────────
[2026-03-07 15:46:13] [11/16] Job: MON-DEV_WIN10_CORREO_SBS
[2026-03-07 15:46:13] ────────────────────────────────────────────────────────────────────────────────
[2026-03-07 15:46:13]   ELIMINAR:  MON-DEV_WIN10_CORREO_SBS Backup_1
[2026-03-07 15:46:13]   CONSERVAR: MON-DEV_WIN10_CORREO_SBS Backup 1
[2026-03-07 15:46:13]   Fecha a eliminar:  2026-03-03 04:26:12
[2026-03-07 15:46:13]   Fecha a conservar: 2026-03-07 03:15:49
[2026-03-07 15:46:13]   Tamaño a liberar: 253.14 GB
[2026-03-07 15:46:13]   Patrón detectado: Veeam
[2026-03-07 15:46:13]   Estado: MULTI
[2026-03-07 15:46:13]  Simulación: NO se eliminó nada
[2026-03-07 15:46:13] 
────────────────────────────────────────────────────────────────────────────────
[2026-03-07 15:46:13] [12/16] Job: MON-DEV_WIN10_RECOVER_TOP_ETB
[2026-03-07 15:46:13] ────────────────────────────────────────────────────────────────────────────────
[2026-03-07 15:46:13]   ELIMINAR:  MON-DEV_WIN10_RECOVER_TOP_ETB Backup_1
[2026-03-07 15:46:13]   CONSERVAR: MON-DEV_WIN10_RECOVER_TOP_ETB Backup 1
[2026-03-07 15:46:13]   Fecha a eliminar:  2026-03-04 04:26:39
[2026-03-07 15:46:13]   Fecha a conservar: 2026-03-07 03:02:05
[2026-03-07 15:46:13]   Tamaño a liberar: 324.49 GB
[2026-03-07 15:46:13]   Patrón detectado: Veeam
[2026-03-07 15:46:13]   Estado: MULTI
[2026-03-07 15:46:13]  Simulación: NO se eliminó nada
[2026-03-07 15:46:13] 
────────────────────────────────────────────────────────────────────────────────
[2026-03-07 15:46:13] [13/16] Job: MON-DEV_WINDOWS_CRM_EXPRESS
[2026-03-07 15:46:13] ────────────────────────────────────────────────────────────────────────────────
[2026-03-07 15:46:13]   ELIMINAR:  MON-DEV_WINDOWS_CRM_EXPRESS Backup_1
[2026-03-07 15:46:13]   CONSERVAR: MON-DEV_WINDOWS_CRM_EXPRESS Backup 2
[2026-03-07 15:46:13]   Fecha a eliminar:  2026-03-04 04:31:36
[2026-03-07 15:46:13]   Fecha a conservar: 2026-03-07 03:36:46
[2026-03-07 15:46:13]   Tamaño a liberar: 165.65 GB
[2026-03-07 15:46:13]   Patrón detectado: Veeam
[2026-03-07 15:46:13]   Estado: MULTI
[2026-03-07 15:46:13]  Simulación: NO se eliminó nada
[2026-03-07 15:46:13] 
────────────────────────────────────────────────────────────────────────────────
[2026-03-07 15:46:13] [14/16] Job: MON-SMART-GWSBS-QA
[2026-03-07 15:46:13] ────────────────────────────────────────────────────────────────────────────────
[2026-03-07 15:46:13]   ELIMINAR:  MON-SMART-GWSBS-QA Backup
[2026-03-07 15:46:13]   CONSERVAR: MON-SMART-GWSBS-QA Backup 1
[2026-03-07 15:46:13]   Fecha a eliminar:  2026-03-03 04:14:53
[2026-03-07 15:46:13]   Fecha a conservar: 2026-03-07 03:24:57
[2026-03-07 15:46:13]   Tamaño a liberar: 49.68 GB
[2026-03-07 15:46:13]   Patrón detectado: Veeam
[2026-03-07 15:46:13]   Estado: MULTI
[2026-03-07 15:46:13]  Simulación: NO se eliminó nada
[2026-03-07 15:46:13] 
────────────────────────────────────────────────────────────────────────────────
[2026-03-07 15:46:13] [15/16] Job: MONT-K8S-SOULAPPS_QA
[2026-03-07 15:46:13] ────────────────────────────────────────────────────────────────────────────────
[2026-03-07 15:46:13]   ELIMINAR:  MONT-K8S-SOULAPPS_QA Backup
[2026-03-07 15:46:13]   CONSERVAR: MONT-K8S-SOULAPPS_QA Backup 1
[2026-03-07 15:46:13]   Fecha a eliminar:  2026-03-03 04:01:58
[2026-03-07 15:46:13]   Fecha a conservar: 2026-03-07 04:11:48
[2026-03-07 15:46:13]   Tamaño a liberar: 65.62 GB
[2026-03-07 15:46:13]   Patrón detectado: Veeam
[2026-03-07 15:46:13]   Estado: MULTI
[2026-03-07 15:46:13]  Simulación: NO se eliminó nada
[2026-03-07 15:46:13] 
────────────────────────────────────────────────────────────────────────────────
[2026-03-07 15:46:13] [16/16] Job: MONT-SOUL-PROD_NEW
[2026-03-07 15:46:13] ────────────────────────────────────────────────────────────────────────────────
[2026-03-07 15:46:13]   ELIMINAR:  MONT-SOUL-PROD_NEW Backup
[2026-03-07 15:46:13]   CONSERVAR: MONT-SOUL-PROD_NEW Backup 1
[2026-03-07 15:46:13]   Fecha a eliminar:  2026-03-04 04:45:48
[2026-03-07 15:46:13]   Fecha a conservar: 2026-03-07 04:23:13
[2026-03-07 15:46:13]   Tamaño a liberar: 698.98 GB
[2026-03-07 15:46:13]   Patrón detectado: Veeam
[2026-03-07 15:46:13]   Estado: MULTI
[2026-03-07 15:46:13]  Simulación: NO se eliminó nada
[2026-03-07 15:46:13] 
================================================================================
[2026-03-07 15:46:13] RESUMEN DE OPERACIÓN
[2026-03-07 15:46:13] ================================================================================
[2026-03-07 15:46:13]  Carpetas que se eliminarían: 16
[2026-03-07 15:46:13]  Espacio total a liberar: 3.65 TB
[2026-03-07 15:46:13] ================================================================================

[2026-03-07 15:46:13] Log guardado en: /app/logs/veeam_cleanup.log
[2026-03-07 15:46:36]  Buscando backups duplicados en: /backups
[2026-03-07 15:46:36]  Fuente de ruta: env
[2026-03-07 15:46:36]  Roots permitidos: /backups
[2026-03-07 15:46:36]  Estrategia: Eliminar backup MÁS ANTIGUO (protección inteligente)

[2026-03-07 15:46:36]  Hash desactivado: no se calcularán hashes de archivos (modo rápido)
[2026-03-07 15:46:36]  Modo: Veeam + genérico
[2026-03-07 15:46:36] 
[Grupo Veeam 1/98] COS-ALFRESCO DOCKER 7.2 Backup
[2026-03-07 15:46:36]  PROTEGIDO: COS-ALFRESCO DOCKER 7.2 Backup (no tiene gemelas suficientes)
[2026-03-07 15:46:36] 
[Grupo Veeam 2/98] COS-BIG BLUE BUTTON Backup
[2026-03-07 15:46:36]  PROTEGIDO: COS-BIG BLUE BUTTON Backup (no tiene gemelas suficientes)
[2026-03-07 15:46:36] 
[Grupo Veeam 3/98] COS-CVR_CENTRALIZADO Backup
[2026-03-07 15:46:36]   [1/2] Analizando: COS-CVR_CENTRALIZADO Backup
[2026-03-07 15:46:36]      -> fecha=2026-03-07 15:44:05 | tamaño=84.44 GB | reciente=SI | hash=omitido (--no-hash)
[2026-03-07 15:46:36]   [2/2] Analizando: COS-CVR_CENTRALIZADO Backup 1
[2026-03-07 15:46:36]      -> fecha=2026-03-07 03:21:48 | tamaño=83.11 GB | reciente=NO | hash=omitido (--no-hash)
[2026-03-07 15:46:36]   Actividad reciente detectada en COS-CVR_CENTRALIZADO Backup (se protege el grupo)
[2026-03-07 15:46:36] 
[Grupo Veeam 4/98] COS-CVR_PROXY Backup
[2026-03-07 15:46:36]  PROTEGIDO: COS-CVR_PROXY Backup_1 (no tiene gemelas suficientes)
[2026-03-07 15:46:36] 
[Grupo Veeam 5/98] COS-INFRA-GLPI-New Backup
[2026-03-07 15:46:36]  PROTEGIDO: COS-INFRA-GLPI-New Backup_1 (no tiene gemelas suficientes)
[2026-03-07 15:46:36] 
[Grupo Veeam 6/98] COS-INFRA-OPENFIRE-UBUNTU Backup
[2026-03-07 15:46:36]  PROTEGIDO: COS-INFRA-OPENFIRE-UBUNTU Backup_1 (no tiene gemelas suficientes)
[2026-03-07 15:46:36] 
[Grupo Veeam 7/98] COS-INFRA-REPORTING-WS2019 Backup
[2026-03-07 15:46:36]  PROTEGIDO: COS-INFRA-REPORTING-WS2019 Backup_1 (no tiene gemelas suficientes)
[2026-03-07 15:46:36] 
[Grupo Veeam 8/98] COS-INFRA-WINSERVE_2019 Backup
[2026-03-07 15:46:36]  PROTEGIDO: COS-INFRA-WINSERVE_2019 Backup_1 (no tiene gemelas suficientes)
[2026-03-07 15:46:36] 
[Grupo Veeam 9/98] COS-INFRA_PRUEBAS_WSVR2019 Backup
[2026-03-07 15:46:36]   [1/2] Analizando: COS-INFRA_PRUEBAS_WSVR2019 Backup 1
[2026-03-07 15:46:36]      -> fecha=2026-03-07 03:43:42 | tamaño=262.36 GB | reciente=NO | hash=omitido (--no-hash)
[2026-03-07 15:46:36]   [2/2] Analizando: COS-INFRA_PRUEBAS_WSVR2019 Backup_1
[2026-03-07 15:46:36]      -> fecha=2026-03-07 15:44:54 | tamaño=318.48 GB | reciente=SI | hash=omitido (--no-hash)
[2026-03-07 15:46:36]   Actividad reciente detectada en COS-INFRA_PRUEBAS_WSVR2019 Backup_1 (se protege el grupo)
[2026-03-07 15:46:36] 
[Grupo Veeam 10/98] COS-IT_UBUNTUSERVER Backup
[2026-03-07 15:46:36]  PROTEGIDO: COS-IT_UBUNTUSERVER Backup (no tiene gemelas suficientes)
[2026-03-07 15:46:36] 
[Grupo Veeam 11/98] COS-SOPORTE-WIN10_22h2 Backup
[2026-03-07 15:46:36]   [1/2] Analizando: COS-SOPORTE-WIN10_22h2 Backup 1
[2026-03-07 15:46:36]      -> fecha=2026-03-07 04:15:46 | tamaño=43.76 GB | reciente=NO | hash=omitido (--no-hash)
[2026-03-07 15:46:36]   [2/2] Analizando: COS-SOPORTE-WIN10_22h2 Backup_1
[2026-03-07 15:46:36]      -> fecha=2026-03-03 04:14:58 | tamaño=53.57 GB | reciente=NO | hash=omitido (--no-hash)
[2026-03-07 15:46:36] 
[Grupo Veeam 12/98] COS-WORKFORCE-PRUEBAS Backup
[2026-03-07 15:46:36]  PROTEGIDO: COS-WORKFORCE-PRUEBAS Backup_1 (no tiene gemelas suficientes)
[2026-03-07 15:46:36] 
[Grupo Veeam 13/98] frontcolas Backup
[2026-03-07 15:46:36]  PROTEGIDO: frontcolas Backup (no tiene gemelas suficientes)
[2026-03-07 15:46:36] 
[Grupo Veeam 14/98] JUZGADOS Backup
[2026-03-07 15:46:36]  PROTEGIDO: JUZGADOS Backup (no tiene gemelas suficientes)
[2026-03-07 15:46:36] 
[Grupo Veeam 15/98] MON-ASTERISK-VOICEBOT-PRODV2 Backup
[2026-03-07 15:46:36]  PROTEGIDO: MON-ASTERISK-VOICEBOT-PRODV2 Backup (no tiene gemelas suficientes)
[2026-03-07 15:46:36] 
[Grupo Veeam 16/98] MON-CLOUD-CARBONIO Backup
[2026-03-07 15:46:36]  PROTEGIDO: MON-CLOUD-CARBONIO Backup (no tiene gemelas suficientes)
[2026-03-07 15:46:36] 
[Grupo Veeam 17/98] MON-CLOUD-WIN_NOTIFICACIONES Backup
[2026-03-07 15:46:36]   [1/2] Analizando: MON-CLOUD-WIN_NOTIFICACIONES Backup 1
[2026-03-07 15:46:36]      -> fecha=2026-03-07 04:16:12 | tamaño=251.59 GB | reciente=NO | hash=omitido (--no-hash)
[2026-03-07 15:46:36]   [2/2] Analizando: MON-CLOUD-WIN_NOTIFICACIONES Backup_1
[2026-03-07 15:46:36]      -> fecha=2026-03-03 04:08:02 | tamaño=242.03 GB | reciente=NO | hash=omitido (--no-hash)
[2026-03-07 15:46:36] 
[Grupo Veeam 18/98] MON-CLOUD_EXPRESS_ISOLATED Backup
[2026-03-07 15:46:36]  PROTEGIDO: MON-CLOUD_EXPRESS_ISOLATED Backup (no tiene gemelas suficientes)
[2026-03-07 15:46:36] 
[Grupo Veeam 19/98] MON-CLUSTER_AUTENTICATION-Nodo2-now Backup
[2026-03-07 15:46:36]  PROTEGIDO: MON-CLUSTER_AUTENTICATION-Nodo2-now Backup (no tiene gemelas suficientes)
[2026-03-07 15:46:36] 
[Grupo Veeam 20/98] MON-CONFIANZA-GMF-PROD Backup
[2026-03-07 15:46:36]  PROTEGIDO: MON-CONFIANZA-GMF-PROD Backup_1 (no tiene gemelas suficientes)
[2026-03-07 15:46:36] 
[Grupo Veeam 21/98] MON-DBA-CARTERA-NODO-1-new Backup
[2026-03-07 15:46:36]  PROTEGIDO: MON-DBA-CARTERA-NODO-1-new Backup (no tiene gemelas suficientes)
[2026-03-07 15:46:36] 
[Grupo Veeam 22/98] MON-DBA-CLUSTER-RPA_1 Backup
[2026-03-07 15:46:36]  PROTEGIDO: MON-DBA-CLUSTER-RPA_1 Backup_1 (no tiene gemelas suficientes)
[2026-03-07 15:46:36] 
[Grupo Veeam 23/98] MON-DBA-CRM2_NODO_1 Backup
[2026-03-07 15:46:36]   [1/2] Analizando: MON-DBA-CRM2_NODO_1 Backup
[2026-03-07 15:46:36]      -> fecha=2026-03-03 05:02:28 | tamaño=227.58 GB | reciente=NO | hash=omitido (--no-hash)
[2026-03-07 15:46:36]   [2/2] Analizando: MON-DBA-CRM2_NODO_1 Backup 1
[2026-03-07 15:46:36]      -> fecha=2026-03-07 04:00:20 | tamaño=191.05 GB | reciente=NO | hash=omitido (--no-hash)
[2026-03-07 15:46:36] 
[Grupo Veeam 24/98] MON-DBA-MYSQL-MIOS1-PROD Backup
[2026-03-07 15:46:36]  PROTEGIDO: MON-DBA-MYSQL-MIOS1-PROD Backup_1 (no tiene gemelas suficientes)
[2026-03-07 15:46:36] 
[Grupo Veeam 25/98] MON-DBA-VOICEBOT Backup
[2026-03-07 15:46:36]  PROTEGIDO: MON-DBA-VOICEBOT Backup_1 (no tiene gemelas suficientes)
[2026-03-07 15:46:36] 
[Grupo Veeam 26/98] MON-DBA_APPMASTER_NODO1_PROD Backup
[2026-03-07 15:46:36]  PROTEGIDO: MON-DBA_APPMASTER_NODO1_PROD Backup (no tiene gemelas suficientes)
[2026-03-07 15:46:36] 
[Grupo Veeam 27/98] MON-DBA_BACKUP Backup
[2026-03-07 15:46:36]  PROTEGIDO: MON-DBA_BACKUP Backup (no tiene gemelas suficientes)
[2026-03-07 15:46:36] 
[Grupo Veeam 28/98] MON-DBA_POSTGRESQL_PROD Backup
[2026-03-07 15:46:36]   [1/2] Analizando: MON-DBA_POSTGRESQL_PROD Backup 1
[2026-03-07 15:46:36]      -> fecha=2026-03-07 03:02:46 | tamaño=38.71 GB | reciente=NO | hash=omitido (--no-hash)
[2026-03-07 15:46:36]   [2/2] Analizando: MON-DBA_POSTGRESQL_PROD Backup_1
[2026-03-07 15:46:36]      -> fecha=2026-03-03 04:17:13 | tamaño=38.40 GB | reciente=NO | hash=omitido (--no-hash)
[2026-03-07 15:46:36] 
[Grupo Veeam 29/98] MON-DEV-SOULCHAT-PROD Backup
[2026-03-07 15:46:36]  PROTEGIDO: MON-DEV-SOULCHAT-PROD Backup (no tiene gemelas suficientes)
[2026-03-07 15:46:36] 
[Grupo Veeam 30/98] MON-DEVOPS_BALANCER_MASTER Backup
[2026-03-07 15:46:36]  PROTEGIDO: MON-DEVOPS_BALANCER_MASTER Backup (no tiene gemelas suficientes)
[2026-03-07 15:46:36] 
[Grupo Veeam 31/98] MON-DEV_APPMASTER_PROJECTS_8.5-PROD Backup
[2026-03-07 15:46:36]  PROTEGIDO: MON-DEV_APPMASTER_PROJECTS_8.5-PROD Backup (no tiene gemelas suficientes)
[2026-03-07 15:46:36] 
[Grupo Veeam 32/98] MON-DEV_APPMASTER_PROJECTS_8.7-PROD1 Backup
[2026-03-07 15:46:36]  PROTEGIDO: MON-DEV_APPMASTER_PROJECTS_8.7-PROD1 Backup (no tiene gemelas suficientes)
[2026-03-07 15:46:36] 
[Grupo Veeam 33/98] MON-DEV_CARTERAS_PROD Backup
[2026-03-07 15:46:36]  PROTEGIDO: MON-DEV_CARTERAS_PROD Backup_1 (no tiene gemelas suficientes)
[2026-03-07 15:46:36] 
[Grupo Veeam 34/98] MON-DEV_CARTERAWOM-PROD Backup
[2026-03-07 15:46:36]   [1/2] Analizando: MON-DEV_CARTERAWOM-PROD Backup 1
[2026-03-07 15:46:36]      -> fecha=2026-03-07 03:13:27 | tamaño=55.05 GB | reciente=NO | hash=omitido (--no-hash)
[2026-03-07 15:46:36]   [2/2] Analizando: MON-DEV_CARTERAWOM-PROD Backup_1
[2026-03-07 15:46:36]      -> fecha=2026-03-03 04:16:39 | tamaño=55.77 GB | reciente=NO | hash=omitido (--no-hash)
[2026-03-07 15:46:36] 
[Grupo Veeam 35/98] MON-DEV_CENTOS_LARAVEL_PROD1 Backup
[2026-03-07 15:46:36]   [1/2] Analizando: MON-DEV_CENTOS_LARAVEL_PROD1 Backup
[2026-03-07 15:46:36]      -> fecha=2026-03-04 04:20:18 | tamaño=1.05 TB | reciente=NO | hash=omitido (--no-hash)
[2026-03-07 15:46:36]   [2/2] Analizando: MON-DEV_CENTOS_LARAVEL_PROD1 Backup 1
[2026-03-07 15:46:36]      -> fecha=2026-03-07 04:02:35 | tamaño=1.05 TB | reciente=NO | hash=omitido (--no-hash)
[2026-03-07 15:46:36] 
[Grupo Veeam 36/98] MON-DEV_F5_NGINX_PLUS Backup
[2026-03-07 15:46:36]  PROTEGIDO: MON-DEV_F5_NGINX_PLUS Backup (no tiene gemelas suficientes)
[2026-03-07 15:46:36] 
[Grupo Veeam 37/98] MON-DEV_KUBE-RECORDS Backup
[2026-03-07 15:46:36]  PROTEGIDO: MON-DEV_KUBE-RECORDS Backup_1 (no tiene gemelas suficientes)
[2026-03-07 15:46:36] 
[Grupo Veeam 38/98] MON-DEV_MIOS_MICROSERVICES_PROD_DOCKERS_NUEVOS Backup
[2026-03-07 15:46:36]   [1/2] Analizando: MON-DEV_MIOS_MICROSERVICES_PROD_DOCKERS_NUEVOS Backup 1
[2026-03-07 15:46:36]      -> fecha=2026-03-07 03:31:20 | tamaño=167.17 GB | reciente=NO | hash=omitido (--no-hash)
[2026-03-07 15:46:36]   [2/2] Analizando: MON-DEV_MIOS_MICROSERVICES_PROD_DOCKERS_NUEVOS Backup_1
[2026-03-07 15:46:36]      -> fecha=2026-03-04 04:47:32 | tamaño=173.31 GB | reciente=NO | hash=omitido (--no-hash)
[2026-03-07 15:46:36] 
[Grupo Veeam 39/98] MON-DEV_MIOS_MICROSERVICES_PROD_DOCKERS_NUEVOS_PRUEBA Backup
[2026-03-07 15:46:36]  PROTEGIDO: MON-DEV_MIOS_MICROSERVICES_PROD_DOCKERS_NUEVOS_PRUEBA Backup (no tiene gemelas suficientes)
[2026-03-07 15:46:36] 
[Grupo Veeam 40/98] MON-DEV_MIOS_MICROSERVICES_QUALITY1 Backup
[2026-03-07 15:46:36]   [1/2] Analizando: MON-DEV_MIOS_MICROSERVICES_QUALITY1 Backup
[2026-03-07 15:46:36]      -> fecha=2026-03-03 04:15:37 | tamaño=35.00 GB | reciente=NO | hash=omitido (--no-hash)
[2026-03-07 15:46:36]   [2/2] Analizando: MON-DEV_MIOS_MICROSERVICES_QUALITY1 Backup 1
[2026-03-07 15:46:36]      -> fecha=2026-03-07 03:07:40 | tamaño=32.66 GB | reciente=NO | hash=omitido (--no-hash)
[2026-03-07 15:46:36] 
[Grupo Veeam 41/98] MON-DEV_MIOS_MICROSERVICES_QUALITY_TF Backup
[2026-03-07 15:46:36]  PROTEGIDO: MON-DEV_MIOS_MICROSERVICES_QUALITY_TF Backup (no tiene gemelas suficientes)
[2026-03-07 15:46:36] 
[Grupo Veeam 42/98] MON-DEV_MIOS_VICIDIAL_PROD Backup
[2026-03-07 15:46:36]  PROTEGIDO: MON-DEV_MIOS_VICIDIAL_PROD Backup_1 (no tiene gemelas suficientes)
[2026-03-07 15:46:36] 
[Grupo Veeam 43/98] MON-DEV_PROD_APPMASTER_3-PROD Backup
[2026-03-07 15:46:36]  PROTEGIDO: MON-DEV_PROD_APPMASTER_3-PROD Backup (no tiene gemelas suficientes)
[2026-03-07 15:46:36] 
[Grupo Veeam 44/98] MON-DEV_PROD_APPMASTER_4-prod Backup
[2026-03-07 15:46:36]  PROTEGIDO: MON-DEV_PROD_APPMASTER_4-prod Backup (no tiene gemelas suficientes)
[2026-03-07 15:46:36] 
[Grupo Veeam 45/98] MON-DEV_RP_WEB_SERVICES-PROD Backup
[2026-03-07 15:46:36]  PROTEGIDO: MON-DEV_RP_WEB_SERVICES-PROD Backup_1 (no tiene gemelas suficientes)
[2026-03-07 15:46:36] 
[Grupo Veeam 46/98] MON-DEV_RRHH-PROD Backup
[2026-03-07 15:46:36]   [1/2] Analizando: MON-DEV_RRHH-PROD Backup
[2026-03-07 15:46:37]      -> fecha=2026-03-03 04:12:39 | tamaño=134.20 GB | reciente=NO | hash=omitido (--no-hash)
[2026-03-07 15:46:37]   [2/2] Analizando: MON-DEV_RRHH-PROD Backup 1
[2026-03-07 15:46:37]      -> fecha=2026-03-07 04:15:47 | tamaño=131.48 GB | reciente=NO | hash=omitido (--no-hash)
[2026-03-07 15:46:37] 
[Grupo Veeam 47/98] MON-DEV_VICIDIAL_MARCADOR2 Backup
[2026-03-07 15:46:37]  PROTEGIDO: MON-DEV_VICIDIAL_MARCADOR2 Backup_1 (no tiene gemelas suficientes)
[2026-03-07 15:46:37] 
[Grupo Veeam 48/98] MON-DEV_VICIDIAL_MASTER Backup
[2026-03-07 15:46:37]  PROTEGIDO: MON-DEV_VICIDIAL_MASTER Backup_1 (no tiene gemelas suficientes)
[2026-03-07 15:46:37] 
[Grupo Veeam 49/98] MON-DEV_VICIDIAL_NODO3 Backup
[2026-03-07 15:46:37]  PROTEGIDO: MON-DEV_VICIDIAL_NODO3 Backup_1 (no tiene gemelas suficientes)
[2026-03-07 15:46:37] 
[Grupo Veeam 50/98] MON-DEV_VICIDIAL_WEB-RTC Backup
[2026-03-07 15:46:37]   [1/2] Analizando: MON-DEV_VICIDIAL_WEB-RTC Backup 1
[2026-03-07 15:46:37]      -> fecha=2026-03-07 03:00:53 | tamaño=148.09 GB | reciente=NO | hash=omitido (--no-hash)
[2026-03-07 15:46:37]   [2/2] Analizando: MON-DEV_VICIDIAL_WEB-RTC Backup_1
[2026-03-07 15:46:37]      -> fecha=2026-03-04 04:31:14 | tamaño=148.25 GB | reciente=NO | hash=omitido (--no-hash)
[2026-03-07 15:46:37] 
[Grupo Veeam 51/98] MON-DEV_VivamosHumanosWP Backup
[2026-03-07 15:46:37]  PROTEGIDO: MON-DEV_VivamosHumanosWP Backup_1 (no tiene gemelas suficientes)
[2026-03-07 15:46:37] 
[Grupo Veeam 52/98] MON-DEV_WIN10_CORREO_SBS Backup
[2026-03-07 15:46:37]   [1/2] Analizando: MON-DEV_WIN10_CORREO_SBS Backup 1
[2026-03-07 15:46:37]      -> fecha=2026-03-07 03:15:49 | tamaño=232.94 GB | reciente=NO | hash=omitido (--no-hash)
[2026-03-07 15:46:37]   [2/2] Analizando: MON-DEV_WIN10_CORREO_SBS Backup_1
[2026-03-07 15:46:37]      -> fecha=2026-03-03 04:26:12 | tamaño=253.14 GB | reciente=NO | hash=omitido (--no-hash)
[2026-03-07 15:46:37] 
[Grupo Veeam 53/98] MON-DEV_WIN10_NEW_SBS_INBOUND Backup
[2026-03-07 15:46:37]  PROTEGIDO: MON-DEV_WIN10_NEW_SBS_INBOUND Backup_1 (no tiene gemelas suficientes)
[2026-03-07 15:46:37] 
[Grupo Veeam 54/98] MON-DEV_WIN10_RECOVER_TOP_ETB Backup
[2026-03-07 15:46:37]   [1/2] Analizando: MON-DEV_WIN10_RECOVER_TOP_ETB Backup 1
[2026-03-07 15:46:37]      -> fecha=2026-03-07 03:02:05 | tamaño=313.59 GB | reciente=NO | hash=omitido (--no-hash)
[2026-03-07 15:46:37]   [2/2] Analizando: MON-DEV_WIN10_RECOVER_TOP_ETB Backup_1
[2026-03-07 15:46:37]      -> fecha=2026-03-04 04:26:39 | tamaño=324.49 GB | reciente=NO | hash=omitido (--no-hash)
[2026-03-07 15:46:37] 
[Grupo Veeam 55/98] MON-DEV_WINDOWS_CRM_EXPRESS Backup
[2026-03-07 15:46:37]   [1/2] Analizando: MON-DEV_WINDOWS_CRM_EXPRESS Backup 2
[2026-03-07 15:46:37]      -> fecha=2026-03-07 03:36:46 | tamaño=155.41 GB | reciente=NO | hash=omitido (--no-hash)
[2026-03-07 15:46:37]   [2/2] Analizando: MON-DEV_WINDOWS_CRM_EXPRESS Backup_1
[2026-03-07 15:46:37]      -> fecha=2026-03-04 04:31:36 | tamaño=165.65 GB | reciente=NO | hash=omitido (--no-hash)
[2026-03-07 15:46:37] 
[Grupo Veeam 56/98] MON-GLPI-PROD Backup
[2026-03-07 15:46:37]  PROTEGIDO: MON-GLPI-PROD Backup_1 (no tiene gemelas suficientes)
[2026-03-07 15:46:37] 
[Grupo Veeam 57/98] MON-GLPI_CONTACTO-PROD Backup
[2026-03-07 15:46:37]  PROTEGIDO: MON-GLPI_CONTACTO-PROD Backup_1 (no tiene gemelas suficientes)
[2026-03-07 15:46:37] 
[Grupo Veeam 58/98] MON-JITSI-PROD Backup
[2026-03-07 15:46:37]  PROTEGIDO: MON-JITSI-PROD Backup_1 (no tiene gemelas suficientes)
[2026-03-07 15:46:37] 
[Grupo Veeam 59/98] MON-MICROSERVICES-DOCKERS-QA Backup
[2026-03-07 15:46:37]  PROTEGIDO: MON-MICROSERVICES-DOCKERS-QA Backup (no tiene gemelas suficientes)
[2026-03-07 15:46:37] 
[Grupo Veeam 60/98] MON-MIOS1_PROD Backup
[2026-03-07 15:46:37]  PROTEGIDO: MON-MIOS1_PROD Backup_1 (no tiene gemelas suficientes)
[2026-03-07 15:46:37] 
[Grupo Veeam 61/98] MON-MYSQL-QA Backup
[2026-03-07 15:46:37]  PROTEGIDO: MON-MYSQL-QA Backup (no tiene gemelas suficientes)
[2026-03-07 15:46:37] 
[Grupo Veeam 62/98] MON-OMNICHANNEL_CENTOS_DASHBOTS_87-PROD Backup
[2026-03-07 15:46:37]  PROTEGIDO: MON-OMNICHANNEL_CENTOS_DASHBOTS_87-PROD Backup_1 (no tiene gemelas suficientes)
[2026-03-07 15:46:37] 
[Grupo Veeam 63/98] MON-QA-TESTLINK Backup
[2026-03-07 15:46:37]  PROTEGIDO: MON-QA-TESTLINK Backup (no tiene gemelas suficientes)
[2026-03-07 15:46:37] 
[Grupo Veeam 64/98] MON-RPA-CLAROVENTAS-PROD-1 Backup
[2026-03-07 15:46:37]  PROTEGIDO: MON-RPA-CLAROVENTAS-PROD-1 Backup (no tiene gemelas suficientes)
[2026-03-07 15:46:37] 
[Grupo Veeam 65/98] MON-RPA-CLAROVENTAS-PROD-2 Backup
[2026-03-07 15:46:37]  PROTEGIDO: MON-RPA-CLAROVENTAS-PROD-2 Backup (no tiene gemelas suficientes)
[2026-03-07 15:46:37] 
[Grupo Veeam 66/98] MON-SMART-CONFIANZA-QA Backup
[2026-03-07 15:46:37]  PROTEGIDO: MON-SMART-CONFIANZA-QA Backup (no tiene gemelas suficientes)
[2026-03-07 15:46:37] 
[Grupo Veeam 67/98] MON-SMART-GM-PROD Backup
[2026-03-07 15:46:37]  PROTEGIDO: MON-SMART-GM-PROD Backup_1 (no tiene gemelas suficientes)
[2026-03-07 15:46:37] 
[Grupo Veeam 68/98] MON-SMART-GW1-SBS-PROD Backup
[2026-03-07 15:46:37]  PROTEGIDO: MON-SMART-GW1-SBS-PROD Backup_1 (no tiene gemelas suficientes)
[2026-03-07 15:46:37] 
[Grupo Veeam 69/98] MON-SMART-GW2-GMF-PROD Backup
[2026-03-07 15:46:37]  PROTEGIDO: MON-SMART-GW2-GMF-PROD Backup_1 (no tiene gemelas suficientes)
[2026-03-07 15:46:37] 
[Grupo Veeam 70/98] MON-SMART-GW3-CONFIANZA-PROD Backup
[2026-03-07 15:46:37]  PROTEGIDO: MON-SMART-GW3-CONFIANZA-PROD Backup_1 (no tiene gemelas suficientes)
[2026-03-07 15:46:37] 
[Grupo Veeam 71/98] MON-SMART-GWGMF-QA Backup
[2026-03-07 15:46:37]  PROTEGIDO: MON-SMART-GWGMF-QA Backup (no tiene gemelas suficientes)
[2026-03-07 15:46:37] 
[Grupo Veeam 72/98] MON-SMART-GWSBS-QA Backup
[2026-03-07 15:46:37]   [1/2] Analizando: MON-SMART-GWSBS-QA Backup
[2026-03-07 15:46:38]      -> fecha=2026-03-03 04:14:53 | tamaño=49.68 GB | reciente=NO | hash=omitido (--no-hash)
[2026-03-07 15:46:38]   [2/2] Analizando: MON-SMART-GWSBS-QA Backup 1
[2026-03-07 15:46:38]      -> fecha=2026-03-07 03:24:57 | tamaño=49.68 GB | reciente=NO | hash=omitido (--no-hash)
[2026-03-07 15:46:38] 
[Grupo Veeam 73/98] MON-SMART-QA Backup
[2026-03-07 15:46:38]  PROTEGIDO: MON-SMART-QA Backup (no tiene gemelas suficientes)
[2026-03-07 15:46:38] 
[Grupo Veeam 74/98] MON-SMART_CONFIANZA-PROD_TF Backup
[2026-03-07 15:46:38]  PROTEGIDO: MON-SMART_CONFIANZA-PROD_TF Backup (no tiene gemelas suficientes)
[2026-03-07 15:46:38] 
[Grupo Veeam 75/98] MONT-AUTO-GOPASS Backup
[2026-03-07 15:46:38]  PROTEGIDO: MONT-AUTO-GOPASS Backup (no tiene gemelas suficientes)
[2026-03-07 15:46:38] 
[Grupo Veeam 76/98] MONT-AZDEVOPS_NODO1 Backup
[2026-03-07 15:46:38]  PROTEGIDO: MONT-AZDEVOPS_NODO1 Backup (no tiene gemelas suficientes)
[2026-03-07 15:46:38] 
[Grupo Veeam 77/98] MONT-AZDEVOPS_NODO2 Backup
[2026-03-07 15:46:38]  PROTEGIDO: MONT-AZDEVOPS_NODO2 Backup_1 (no tiene gemelas suficientes)
[2026-03-07 15:46:38] 
[Grupo Veeam 78/98] MONT-AZDEVOPS_NODO3 Backup
[2026-03-07 15:46:38]  PROTEGIDO: MONT-AZDEVOPS_NODO3 Backup (no tiene gemelas suficientes)
[2026-03-07 15:46:38] 
[Grupo Veeam 79/98] MONT-CLOUD-DEMO Backup
[2026-03-07 15:46:38]  PROTEGIDO: MONT-CLOUD-DEMO Backup (no tiene gemelas suficientes)
[2026-03-07 15:46:38] 
[Grupo Veeam 80/98] MONT-CLOUD-ETBSOUL Backup
[2026-03-07 15:46:38]  PROTEGIDO: MONT-CLOUD-ETBSOUL Backup (no tiene gemelas suficientes)
[2026-03-07 15:46:38] 
[Grupo Veeam 81/98] MONT-CLOUD-OMNICANALIDAD Backup
[2026-03-07 15:46:38]  PROTEGIDO: MONT-CLOUD-OMNICANALIDAD Backup (no tiene gemelas suficientes)
[2026-03-07 15:46:38] 
[Grupo Veeam 82/98] MONT-CLOUD-PROXY-PUBLICOS INTERNO Backup
[2026-03-07 15:46:38]  PROTEGIDO: MONT-CLOUD-PROXY-PUBLICOS INTERNO Backup (no tiene gemelas suficientes)
[2026-03-07 15:46:38] 
[Grupo Veeam 83/98] MONT-CLOUD_K8S_CORE Backup
[2026-03-07 15:46:38]  PROTEGIDO: MONT-CLOUD_K8S_CORE Backup (no tiene gemelas suficientes)
[2026-03-07 15:46:38] 
[Grupo Veeam 84/98] MONT-CLOUD_K8S_CORE_LEGACYNODE Backup
[2026-03-07 15:46:38]  PROTEGIDO: MONT-CLOUD_K8S_CORE_LEGACYNODE Backup (no tiene gemelas suficientes)
[2026-03-07 15:46:38] 
[Grupo Veeam 85/98] MONT-CLOUD_K8S_CORE_LEGACYNODE2 Backup
[2026-03-07 15:46:38]  PROTEGIDO: MONT-CLOUD_K8S_CORE_LEGACYNODE2 Backup (no tiene gemelas suficientes)
[2026-03-07 15:46:38] 
[Grupo Veeam 86/98] MONT-K8S-SOULAPPS_QA Backup
[2026-03-07 15:46:38]   [1/2] Analizando: MONT-K8S-SOULAPPS_QA Backup
[2026-03-07 15:46:38]      -> fecha=2026-03-03 04:01:58 | tamaño=65.62 GB | reciente=NO | hash=omitido (--no-hash)
[2026-03-07 15:46:38]   [2/2] Analizando: MONT-K8S-SOULAPPS_QA Backup 1
[2026-03-07 15:46:38]      -> fecha=2026-03-07 04:11:48 | tamaño=55.63 GB | reciente=NO | hash=omitido (--no-hash)
[2026-03-07 15:46:38] 
[Grupo Veeam 87/98] MONT-K8S-TEST2 Backup
[2026-03-07 15:46:38]  PROTEGIDO: MONT-K8S-TEST2 Backup (no tiene gemelas suficientes)
[2026-03-07 15:46:38] 
[Grupo Veeam 88/98] MONT-PROXY-IFX Backup
[2026-03-07 15:46:38]  PROTEGIDO: MONT-PROXY-IFX Backup (no tiene gemelas suficientes)
[2026-03-07 15:46:38] 
[Grupo Veeam 89/98] MONT-SBS_OFFICIAL-PROD Backup
[2026-03-07 15:46:38]  PROTEGIDO: MONT-SBS_OFFICIAL-PROD Backup (no tiene gemelas suficientes)
[2026-03-07 15:46:38] 
[Grupo Veeam 90/98] MONT-SBS_OFFICIAL-QA Backup
[2026-03-07 15:46:38]  PROTEGIDO: MONT-SBS_OFFICIAL-QA Backup (no tiene gemelas suficientes)
[2026-03-07 15:46:38] 
[Grupo Veeam 91/98] MONT-SOUL-PROD_NEW Backup
[2026-03-07 15:46:38]   [1/2] Analizando: MONT-SOUL-PROD_NEW Backup
[2026-03-07 15:46:38]      -> fecha=2026-03-04 04:45:48 | tamaño=698.98 GB | reciente=NO | hash=omitido (--no-hash)
[2026-03-07 15:46:38]   [2/2] Analizando: MONT-SOUL-PROD_NEW Backup 1
[2026-03-07 15:46:38]      -> fecha=2026-03-07 04:23:13 | tamaño=677.77 GB | reciente=NO | hash=omitido (--no-hash)
[2026-03-07 15:46:38] 
[Grupo Veeam 92/98] MON_DEV_PROD_PRE-EXPRESS-PROD Backup
[2026-03-07 15:46:38]  PROTEGIDO: MON_DEV_PROD_PRE-EXPRESS-PROD Backup_1 (no tiene gemelas suficientes)
[2026-03-07 15:46:38] 
[Grupo Veeam 93/98] OCS_INVENTORY_V2 Backup
[2026-03-07 15:46:38]  PROTEGIDO: OCS_INVENTORY_V2 Backup (no tiene gemelas suficientes)
[2026-03-07 15:46:38] 
[Grupo Veeam 94/98] PRUEBAS SONARQUBE DANIELA Backup
[2026-03-07 15:46:38]  PROTEGIDO: PRUEBAS SONARQUBE DANIELA Backup (no tiene gemelas suficientes)
[2026-03-07 15:46:38] 
[Grupo Veeam 95/98] Semilla Basica Backup
[2026-03-07 15:46:38]  PROTEGIDO: Semilla Basica Backup (no tiene gemelas suficientes)
[2026-03-07 15:46:38] 
[Grupo Veeam 96/98] veeam 13 Backup
[2026-03-07 15:46:38]  PROTEGIDO: veeam 13 Backup (no tiene gemelas suficientes)
[2026-03-07 15:46:38] 
[Grupo Veeam 97/98] VEEAM Backup
[2026-03-07 15:46:38]  PROTEGIDO: VEEAM Backup (no tiene gemelas suficientes)
[2026-03-07 15:46:38] 
[Grupo Veeam 98/98] WORDPRESS_NGINX_MICROSITES Backup
[2026-03-07 15:46:38]  PROTEGIDO: WORDPRESS_NGINX_MICROSITES Backup (no tiene gemelas suficientes)
[2026-03-07 15:46:38] 
 Se encontraron 16 par(es) de carpetas duplicadas

[2026-03-07 15:46:38]   • COS-SOPORTE-WIN10_22h2 Backup_1 → ELIMINAR
[2026-03-07 15:46:38]     ↳ Conservar: COS-SOPORTE-WIN10_22h2 Backup 1
[2026-03-07 15:46:38]     ↳ Tamaño: 53.57 GB
[2026-03-07 15:46:38] 
[2026-03-07 15:46:38]   • MON-CLOUD-WIN_NOTIFICACIONES Backup_1 → ELIMINAR
[2026-03-07 15:46:38]     ↳ Conservar: MON-CLOUD-WIN_NOTIFICACIONES Backup 1
[2026-03-07 15:46:38]     ↳ Tamaño: 242.03 GB
[2026-03-07 15:46:38] 
[2026-03-07 15:46:38]   • MON-DBA-CRM2_NODO_1 Backup → ELIMINAR
[2026-03-07 15:46:38]     ↳ Conservar: MON-DBA-CRM2_NODO_1 Backup 1
[2026-03-07 15:46:38]     ↳ Tamaño: 227.58 GB
[2026-03-07 15:46:38] 
[2026-03-07 15:46:38]   • MON-DBA_POSTGRESQL_PROD Backup_1 → ELIMINAR
[2026-03-07 15:46:38]     ↳ Conservar: MON-DBA_POSTGRESQL_PROD Backup 1
[2026-03-07 15:46:38]     ↳ Tamaño: 38.40 GB
[2026-03-07 15:46:38] 
[2026-03-07 15:46:38]   • MON-DEV_CARTERAWOM-PROD Backup_1 → ELIMINAR
[2026-03-07 15:46:38]     ↳ Conservar: MON-DEV_CARTERAWOM-PROD Backup 1
[2026-03-07 15:46:38]     ↳ Tamaño: 55.77 GB
[2026-03-07 15:46:38] 
[2026-03-07 15:46:38]   • MON-DEV_CENTOS_LARAVEL_PROD1 Backup → ELIMINAR
[2026-03-07 15:46:38]     ↳ Conservar: MON-DEV_CENTOS_LARAVEL_PROD1 Backup 1
[2026-03-07 15:46:38]     ↳ Tamaño: 1.05 TB
[2026-03-07 15:46:38] 
[2026-03-07 15:46:38]   • MON-DEV_MIOS_MICROSERVICES_PROD_DOCKERS_NUEVOS Backup_1 → ELIMINAR
[2026-03-07 15:46:38]     ↳ Conservar: MON-DEV_MIOS_MICROSERVICES_PROD_DOCKERS_NUEVOS Backup 1
[2026-03-07 15:46:38]     ↳ Tamaño: 173.31 GB
[2026-03-07 15:46:38] 
[2026-03-07 15:46:38]   • MON-DEV_MIOS_MICROSERVICES_QUALITY1 Backup → ELIMINAR
[2026-03-07 15:46:38]     ↳ Conservar: MON-DEV_MIOS_MICROSERVICES_QUALITY1 Backup 1
[2026-03-07 15:46:38]     ↳ Tamaño: 35.00 GB
[2026-03-07 15:46:38] 
[2026-03-07 15:46:38]   • MON-DEV_RRHH-PROD Backup → ELIMINAR
[2026-03-07 15:46:38]     ↳ Conservar: MON-DEV_RRHH-PROD Backup 1
[2026-03-07 15:46:38]     ↳ Tamaño: 134.20 GB
[2026-03-07 15:46:38] 
[2026-03-07 15:46:38]   • MON-DEV_VICIDIAL_WEB-RTC Backup_1 → ELIMINAR
[2026-03-07 15:46:38]     ↳ Conservar: MON-DEV_VICIDIAL_WEB-RTC Backup 1
[2026-03-07 15:46:38]     ↳ Tamaño: 148.25 GB
[2026-03-07 15:46:38] 
[2026-03-07 15:46:38]   • MON-DEV_WIN10_CORREO_SBS Backup_1 → ELIMINAR
[2026-03-07 15:46:38]     ↳ Conservar: MON-DEV_WIN10_CORREO_SBS Backup 1
[2026-03-07 15:46:38]     ↳ Tamaño: 253.14 GB
[2026-03-07 15:46:38] 
[2026-03-07 15:46:38]   • MON-DEV_WIN10_RECOVER_TOP_ETB Backup_1 → ELIMINAR
[2026-03-07 15:46:38]     ↳ Conservar: MON-DEV_WIN10_RECOVER_TOP_ETB Backup 1
[2026-03-07 15:46:38]     ↳ Tamaño: 324.49 GB
[2026-03-07 15:46:38] 
[2026-03-07 15:46:38]   • MON-DEV_WINDOWS_CRM_EXPRESS Backup_1 → ELIMINAR
[2026-03-07 15:46:38]     ↳ Conservar: MON-DEV_WINDOWS_CRM_EXPRESS Backup 2
[2026-03-07 15:46:38]     ↳ Tamaño: 165.65 GB
[2026-03-07 15:46:38] 
[2026-03-07 15:46:38]   • MON-SMART-GWSBS-QA Backup → ELIMINAR
[2026-03-07 15:46:38]     ↳ Conservar: MON-SMART-GWSBS-QA Backup 1
[2026-03-07 15:46:38]     ↳ Tamaño: 49.68 GB
[2026-03-07 15:46:38] 
[2026-03-07 15:46:38]   • MONT-K8S-SOULAPPS_QA Backup → ELIMINAR
[2026-03-07 15:46:38]     ↳ Conservar: MONT-K8S-SOULAPPS_QA Backup 1
[2026-03-07 15:46:38]     ↳ Tamaño: 65.62 GB
[2026-03-07 15:46:38] 
[2026-03-07 15:46:38]   • MONT-SOUL-PROD_NEW Backup → ELIMINAR
[2026-03-07 15:46:38]     ↳ Conservar: MONT-SOUL-PROD_NEW Backup 1
[2026-03-07 15:46:38]     ↳ Tamaño: 698.98 GB
[2026-03-07 15:46:38] 
[2026-03-07 15:46:38] 
Esto es una SIMULACIÓN. Para eliminar realmente, ejecuta:
[2026-03-07 15:46:38]    python3 /app/cleanup.py --execute

[2026-03-07 15:46:38] 
================================================================================
[2026-03-07 15:46:38] MODO: DRY-RUN (SIMULACIÓN)
[2026-03-07 15:46:38] ================================================================================

[2026-03-07 15:46:38] 
────────────────────────────────────────────────────────────────────────────────
[2026-03-07 15:46:38] [1/16] Job: COS-SOPORTE-WIN10_22h2
[2026-03-07 15:46:38] ────────────────────────────────────────────────────────────────────────────────
[2026-03-07 15:46:38]   ELIMINAR:  COS-SOPORTE-WIN10_22h2 Backup_1
[2026-03-07 15:46:38]   CONSERVAR: COS-SOPORTE-WIN10_22h2 Backup 1
[2026-03-07 15:46:38]   Fecha a eliminar:  2026-03-03 04:14:58
[2026-03-07 15:46:38]   Fecha a conservar: 2026-03-07 04:15:46
[2026-03-07 15:46:38]   Tamaño a liberar: 53.57 GB
[2026-03-07 15:46:38]   Patrón detectado: Veeam
[2026-03-07 15:46:38]   Estado: MULTI
[2026-03-07 15:46:38]  Simulación: NO se eliminó nada
[2026-03-07 15:46:38] 
────────────────────────────────────────────────────────────────────────────────
[2026-03-07 15:46:38] [2/16] Job: MON-CLOUD-WIN_NOTIFICACIONES
[2026-03-07 15:46:38] ────────────────────────────────────────────────────────────────────────────────
[2026-03-07 15:46:38]   ELIMINAR:  MON-CLOUD-WIN_NOTIFICACIONES Backup_1
[2026-03-07 15:46:38]   CONSERVAR: MON-CLOUD-WIN_NOTIFICACIONES Backup 1
[2026-03-07 15:46:38]   Fecha a eliminar:  2026-03-03 04:08:02
[2026-03-07 15:46:38]   Fecha a conservar: 2026-03-07 04:16:12
[2026-03-07 15:46:38]   Tamaño a liberar: 242.03 GB
[2026-03-07 15:46:38]   Patrón detectado: Veeam
[2026-03-07 15:46:38]   Estado: MULTI
[2026-03-07 15:46:38]  Simulación: NO se eliminó nada
[2026-03-07 15:46:38] 
────────────────────────────────────────────────────────────────────────────────
[2026-03-07 15:46:38] [3/16] Job: MON-DBA-CRM2_NODO
[2026-03-07 15:46:38] ────────────────────────────────────────────────────────────────────────────────
[2026-03-07 15:46:38]   ELIMINAR:  MON-DBA-CRM2_NODO_1 Backup
[2026-03-07 15:46:38]   CONSERVAR: MON-DBA-CRM2_NODO_1 Backup 1
[2026-03-07 15:46:38]   Fecha a eliminar:  2026-03-03 05:02:28
[2026-03-07 15:46:38]   Fecha a conservar: 2026-03-07 04:00:20
[2026-03-07 15:46:38]   Tamaño a liberar: 227.58 GB
[2026-03-07 15:46:38]   Patrón detectado: Veeam
[2026-03-07 15:46:38]   Estado: MULTI
[2026-03-07 15:46:38]  Simulación: NO se eliminó nada
[2026-03-07 15:46:38] 
────────────────────────────────────────────────────────────────────────────────
[2026-03-07 15:46:38] [4/16] Job: MON-DBA_POSTGRESQL_PROD
[2026-03-07 15:46:38] ────────────────────────────────────────────────────────────────────────────────
[2026-03-07 15:46:38]   ELIMINAR:  MON-DBA_POSTGRESQL_PROD Backup_1
[2026-03-07 15:46:38]   CONSERVAR: MON-DBA_POSTGRESQL_PROD Backup 1
[2026-03-07 15:46:38]   Fecha a eliminar:  2026-03-03 04:17:13
[2026-03-07 15:46:38]   Fecha a conservar: 2026-03-07 03:02:46
[2026-03-07 15:46:38]   Tamaño a liberar: 38.40 GB
[2026-03-07 15:46:38]   Patrón detectado: Veeam
[2026-03-07 15:46:38]   Estado: MULTI
[2026-03-07 15:46:38]  Simulación: NO se eliminó nada
[2026-03-07 15:46:38] 
────────────────────────────────────────────────────────────────────────────────
[2026-03-07 15:46:38] [5/16] Job: MON-DEV_CARTERAWOM-PROD
[2026-03-07 15:46:38] ────────────────────────────────────────────────────────────────────────────────
[2026-03-07 15:46:38]   ELIMINAR:  MON-DEV_CARTERAWOM-PROD Backup_1
[2026-03-07 15:46:38]   CONSERVAR: MON-DEV_CARTERAWOM-PROD Backup 1
[2026-03-07 15:46:38]   Fecha a eliminar:  2026-03-03 04:16:39
[2026-03-07 15:46:38]   Fecha a conservar: 2026-03-07 03:13:27
[2026-03-07 15:46:38]   Tamaño a liberar: 55.77 GB
[2026-03-07 15:46:38]   Patrón detectado: Veeam
[2026-03-07 15:46:38]   Estado: MULTI
[2026-03-07 15:46:38]  Simulación: NO se eliminó nada
[2026-03-07 15:46:38] 
────────────────────────────────────────────────────────────────────────────────
[2026-03-07 15:46:38] [6/16] Job: MON-DEV_CENTOS_LARAVEL_PROD1
[2026-03-07 15:46:38] ────────────────────────────────────────────────────────────────────────────────
[2026-03-07 15:46:38]   ELIMINAR:  MON-DEV_CENTOS_LARAVEL_PROD1 Backup
[2026-03-07 15:46:38]   CONSERVAR: MON-DEV_CENTOS_LARAVEL_PROD1 Backup 1
[2026-03-07 15:46:38]   Fecha a eliminar:  2026-03-04 04:20:18
[2026-03-07 15:46:38]   Fecha a conservar: 2026-03-07 04:02:35
[2026-03-07 15:46:38]   Tamaño a liberar: 1.05 TB
[2026-03-07 15:46:38]   Patrón detectado: Veeam
[2026-03-07 15:46:38]   Estado: MULTI
[2026-03-07 15:46:38]  Simulación: NO se eliminó nada
[2026-03-07 15:46:38] 
────────────────────────────────────────────────────────────────────────────────
[2026-03-07 15:46:38] [7/16] Job: MON-DEV_MIOS_MICROSERVICES_PROD_DOCKERS_NUEVOS
[2026-03-07 15:46:38] ────────────────────────────────────────────────────────────────────────────────
[2026-03-07 15:46:38]   ELIMINAR:  MON-DEV_MIOS_MICROSERVICES_PROD_DOCKERS_NUEVOS Backup_1
[2026-03-07 15:46:38]   CONSERVAR: MON-DEV_MIOS_MICROSERVICES_PROD_DOCKERS_NUEVOS Backup 1
[2026-03-07 15:46:38]   Fecha a eliminar:  2026-03-04 04:47:32
[2026-03-07 15:46:38]   Fecha a conservar: 2026-03-07 03:31:20
[2026-03-07 15:46:38]   Tamaño a liberar: 173.31 GB
[2026-03-07 15:46:38]   Patrón detectado: Veeam
[2026-03-07 15:46:38]   Estado: MULTI
[2026-03-07 15:46:38]  Simulación: NO se eliminó nada
[2026-03-07 15:46:38] 
────────────────────────────────────────────────────────────────────────────────
[2026-03-07 15:46:38] [8/16] Job: MON-DEV_MIOS_MICROSERVICES_QUALITY1
[2026-03-07 15:46:38] ────────────────────────────────────────────────────────────────────────────────
[2026-03-07 15:46:38]   ELIMINAR:  MON-DEV_MIOS_MICROSERVICES_QUALITY1 Backup
[2026-03-07 15:46:38]   CONSERVAR: MON-DEV_MIOS_MICROSERVICES_QUALITY1 Backup 1
[2026-03-07 15:46:38]   Fecha a eliminar:  2026-03-03 04:15:37
[2026-03-07 15:46:38]   Fecha a conservar: 2026-03-07 03:07:40
[2026-03-07 15:46:38]   Tamaño a liberar: 35.00 GB
[2026-03-07 15:46:38]   Patrón detectado: Veeam
[2026-03-07 15:46:38]   Estado: MULTI
[2026-03-07 15:46:38]  Simulación: NO se eliminó nada
[2026-03-07 15:46:38] 
────────────────────────────────────────────────────────────────────────────────
[2026-03-07 15:46:38] [9/16] Job: MON-DEV_RRHH-PROD
[2026-03-07 15:46:38] ────────────────────────────────────────────────────────────────────────────────
[2026-03-07 15:46:38]   ELIMINAR:  MON-DEV_RRHH-PROD Backup
[2026-03-07 15:46:38]   CONSERVAR: MON-DEV_RRHH-PROD Backup 1
[2026-03-07 15:46:38]   Fecha a eliminar:  2026-03-03 04:12:39
[2026-03-07 15:46:38]   Fecha a conservar: 2026-03-07 04:15:47
[2026-03-07 15:46:38]   Tamaño a liberar: 134.20 GB
[2026-03-07 15:46:38]   Patrón detectado: Veeam
[2026-03-07 15:46:38]   Estado: MULTI
[2026-03-07 15:46:38]  Simulación: NO se eliminó nada
[2026-03-07 15:46:38] 
────────────────────────────────────────────────────────────────────────────────
[2026-03-07 15:46:38] [10/16] Job: MON-DEV_VICIDIAL_WEB-RTC
[2026-03-07 15:46:38] ────────────────────────────────────────────────────────────────────────────────
[2026-03-07 15:46:38]   ELIMINAR:  MON-DEV_VICIDIAL_WEB-RTC Backup_1
[2026-03-07 15:46:38]   CONSERVAR: MON-DEV_VICIDIAL_WEB-RTC Backup 1
[2026-03-07 15:46:38]   Fecha a eliminar:  2026-03-04 04:31:14
[2026-03-07 15:46:38]   Fecha a conservar: 2026-03-07 03:00:53
[2026-03-07 15:46:38]   Tamaño a liberar: 148.25 GB
[2026-03-07 15:46:38]   Patrón detectado: Veeam
[2026-03-07 15:46:38]   Estado: MULTI
[2026-03-07 15:46:38]  Simulación: NO se eliminó nada
[2026-03-07 15:46:38] 
────────────────────────────────────────────────────────────────────────────────
[2026-03-07 15:46:38] [11/16] Job: MON-DEV_WIN10_CORREO_SBS
[2026-03-07 15:46:38] ────────────────────────────────────────────────────────────────────────────────
[2026-03-07 15:46:38]   ELIMINAR:  MON-DEV_WIN10_CORREO_SBS Backup_1
[2026-03-07 15:46:38]   CONSERVAR: MON-DEV_WIN10_CORREO_SBS Backup 1
[2026-03-07 15:46:38]   Fecha a eliminar:  2026-03-03 04:26:12
[2026-03-07 15:46:38]   Fecha a conservar: 2026-03-07 03:15:49
[2026-03-07 15:46:38]   Tamaño a liberar: 253.14 GB
[2026-03-07 15:46:38]   Patrón detectado: Veeam
[2026-03-07 15:46:38]   Estado: MULTI
[2026-03-07 15:46:38]  Simulación: NO se eliminó nada
[2026-03-07 15:46:38] 
────────────────────────────────────────────────────────────────────────────────
[2026-03-07 15:46:38] [12/16] Job: MON-DEV_WIN10_RECOVER_TOP_ETB
[2026-03-07 15:46:38] ────────────────────────────────────────────────────────────────────────────────
[2026-03-07 15:46:38]   ELIMINAR:  MON-DEV_WIN10_RECOVER_TOP_ETB Backup_1
[2026-03-07 15:46:38]   CONSERVAR: MON-DEV_WIN10_RECOVER_TOP_ETB Backup 1
[2026-03-07 15:46:38]   Fecha a eliminar:  2026-03-04 04:26:39
[2026-03-07 15:46:38]   Fecha a conservar: 2026-03-07 03:02:05
[2026-03-07 15:46:38]   Tamaño a liberar: 324.49 GB
[2026-03-07 15:46:38]   Patrón detectado: Veeam
[2026-03-07 15:46:38]   Estado: MULTI
[2026-03-07 15:46:38]  Simulación: NO se eliminó nada
[2026-03-07 15:46:38] 
────────────────────────────────────────────────────────────────────────────────
[2026-03-07 15:46:38] [13/16] Job: MON-DEV_WINDOWS_CRM_EXPRESS
[2026-03-07 15:46:38] ────────────────────────────────────────────────────────────────────────────────
[2026-03-07 15:46:38]   ELIMINAR:  MON-DEV_WINDOWS_CRM_EXPRESS Backup_1
[2026-03-07 15:46:38]   CONSERVAR: MON-DEV_WINDOWS_CRM_EXPRESS Backup 2
[2026-03-07 15:46:38]   Fecha a eliminar:  2026-03-04 04:31:36
[2026-03-07 15:46:38]   Fecha a conservar: 2026-03-07 03:36:46
[2026-03-07 15:46:38]   Tamaño a liberar: 165.65 GB
[2026-03-07 15:46:38]   Patrón detectado: Veeam
[2026-03-07 15:46:38]   Estado: MULTI
[2026-03-07 15:46:38]  Simulación: NO se eliminó nada
[2026-03-07 15:46:38] 
────────────────────────────────────────────────────────────────────────────────
[2026-03-07 15:46:38] [14/16] Job: MON-SMART-GWSBS-QA
[2026-03-07 15:46:38] ────────────────────────────────────────────────────────────────────────────────
[2026-03-07 15:46:38]   ELIMINAR:  MON-SMART-GWSBS-QA Backup
[2026-03-07 15:46:38]   CONSERVAR: MON-SMART-GWSBS-QA Backup 1
[2026-03-07 15:46:38]   Fecha a eliminar:  2026-03-03 04:14:53
[2026-03-07 15:46:38]   Fecha a conservar: 2026-03-07 03:24:57
[2026-03-07 15:46:38]   Tamaño a liberar: 49.68 GB
[2026-03-07 15:46:38]   Patrón detectado: Veeam
[2026-03-07 15:46:38]   Estado: MULTI
[2026-03-07 15:46:38]  Simulación: NO se eliminó nada
[2026-03-07 15:46:38] 
────────────────────────────────────────────────────────────────────────────────
[2026-03-07 15:46:38] [15/16] Job: MONT-K8S-SOULAPPS_QA
[2026-03-07 15:46:38] ────────────────────────────────────────────────────────────────────────────────
[2026-03-07 15:46:38]   ELIMINAR:  MONT-K8S-SOULAPPS_QA Backup
[2026-03-07 15:46:38]   CONSERVAR: MONT-K8S-SOULAPPS_QA Backup 1
[2026-03-07 15:46:38]   Fecha a eliminar:  2026-03-03 04:01:58
[2026-03-07 15:46:38]   Fecha a conservar: 2026-03-07 04:11:48
[2026-03-07 15:46:38]   Tamaño a liberar: 65.62 GB
[2026-03-07 15:46:38]   Patrón detectado: Veeam
[2026-03-07 15:46:38]   Estado: MULTI
[2026-03-07 15:46:38]  Simulación: NO se eliminó nada
[2026-03-07 15:46:38] 
────────────────────────────────────────────────────────────────────────────────
[2026-03-07 15:46:38] [16/16] Job: MONT-SOUL-PROD_NEW
[2026-03-07 15:46:38] ────────────────────────────────────────────────────────────────────────────────
[2026-03-07 15:46:38]   ELIMINAR:  MONT-SOUL-PROD_NEW Backup
[2026-03-07 15:46:38]   CONSERVAR: MONT-SOUL-PROD_NEW Backup 1
[2026-03-07 15:46:38]   Fecha a eliminar:  2026-03-04 04:45:48
[2026-03-07 15:46:38]   Fecha a conservar: 2026-03-07 04:23:13
[2026-03-07 15:46:38]   Tamaño a liberar: 698.98 GB
[2026-03-07 15:46:38]   Patrón detectado: Veeam
[2026-03-07 15:46:38]   Estado: MULTI
[2026-03-07 15:46:38]  Simulación: NO se eliminó nada
[2026-03-07 15:46:38] 
================================================================================
[2026-03-07 15:46:38] RESUMEN DE OPERACIÓN
[2026-03-07 15:46:38] ================================================================================
[2026-03-07 15:46:38]  Carpetas que se eliminarían: 16
[2026-03-07 15:46:38]  Espacio total a liberar: 3.65 TB
[2026-03-07 15:46:38] ================================================================================

[2026-03-07 15:46:38] Log guardado en: /app/logs/veeam_cleanup.log
[2026-03-07 15:47:54]  Buscando backups duplicados en: /backups
[2026-03-07 15:47:54]  Fuente de ruta: env
[2026-03-07 15:47:54]  Roots permitidos: /backups
[2026-03-07 15:47:54]  Estrategia: Eliminar backup MÁS ANTIGUO (protección inteligente)

[2026-03-07 15:47:54]  Hash desactivado: no se calcularán hashes de archivos (modo rápido)
[2026-03-07 15:47:54]  Modo: Veeam + genérico
[2026-03-07 15:47:54] 
[Grupo Veeam 1/98] COS-ALFRESCO DOCKER 7.2 Backup
[2026-03-07 15:47:54]  PROTEGIDO: COS-ALFRESCO DOCKER 7.2 Backup (no tiene gemelas suficientes)
[2026-03-07 15:47:54] 
[Grupo Veeam 2/98] COS-BIG BLUE BUTTON Backup
[2026-03-07 15:47:54]  PROTEGIDO: COS-BIG BLUE BUTTON Backup (no tiene gemelas suficientes)
[2026-03-07 15:47:54] 
[Grupo Veeam 3/98] COS-CVR_CENTRALIZADO Backup
[2026-03-07 15:47:54]   [1/2] Analizando: COS-CVR_CENTRALIZADO Backup
[2026-03-07 15:47:54]      -> fecha=2026-03-07 15:45:51 | tamaño=85.44 GB | reciente=SI | hash=omitido (--no-hash)
[2026-03-07 15:47:54]   [2/2] Analizando: COS-CVR_CENTRALIZADO Backup 1
[2026-03-07 15:47:54]      -> fecha=2026-03-07 03:21:48 | tamaño=83.11 GB | reciente=NO | hash=omitido (--no-hash)
[2026-03-07 15:47:54]   Actividad reciente detectada en COS-CVR_CENTRALIZADO Backup (se protege el grupo)
[2026-03-07 15:47:54] 
[Grupo Veeam 4/98] COS-CVR_PROXY Backup
[2026-03-07 15:47:54]  PROTEGIDO: COS-CVR_PROXY Backup_1 (no tiene gemelas suficientes)
[2026-03-07 15:47:54] 
[Grupo Veeam 5/98] COS-INFRA-GLPI-New Backup
[2026-03-07 15:47:54]  PROTEGIDO: COS-INFRA-GLPI-New Backup_1 (no tiene gemelas suficientes)
[2026-03-07 15:47:54] 
[Grupo Veeam 6/98] COS-INFRA-OPENFIRE-UBUNTU Backup
[2026-03-07 15:47:54]  PROTEGIDO: COS-INFRA-OPENFIRE-UBUNTU Backup_1 (no tiene gemelas suficientes)
[2026-03-07 15:47:54] 
[Grupo Veeam 7/98] COS-INFRA-REPORTING-WS2019 Backup
[2026-03-07 15:47:54]  PROTEGIDO: COS-INFRA-REPORTING-WS2019 Backup_1 (no tiene gemelas suficientes)
[2026-03-07 15:47:54] 
[Grupo Veeam 8/98] COS-INFRA-WINSERVE_2019 Backup
[2026-03-07 15:47:54]  PROTEGIDO: COS-INFRA-WINSERVE_2019 Backup_1 (no tiene gemelas suficientes)
[2026-03-07 15:47:54] 
[Grupo Veeam 9/98] COS-INFRA_PRUEBAS_WSVR2019 Backup
[2026-03-07 15:47:54]   [1/2] Analizando: COS-INFRA_PRUEBAS_WSVR2019 Backup 1
[2026-03-07 15:47:54]      -> fecha=2026-03-07 03:43:42 | tamaño=262.36 GB | reciente=NO | hash=omitido (--no-hash)
[2026-03-07 15:47:54]   [2/2] Analizando: COS-INFRA_PRUEBAS_WSVR2019 Backup_1
[2026-03-07 15:47:54]      -> fecha=2026-03-07 15:46:04 | tamaño=319.48 GB | reciente=SI | hash=omitido (--no-hash)
[2026-03-07 15:47:54]   Actividad reciente detectada en COS-INFRA_PRUEBAS_WSVR2019 Backup_1 (se protege el grupo)
[2026-03-07 15:47:54] 
[Grupo Veeam 10/98] COS-IT_UBUNTUSERVER Backup
[2026-03-07 15:47:54]  PROTEGIDO: COS-IT_UBUNTUSERVER Backup (no tiene gemelas suficientes)
[2026-03-07 15:47:54] 
[Grupo Veeam 11/98] COS-SOPORTE-WIN10_22h2 Backup
[2026-03-07 15:47:54]   [1/2] Analizando: COS-SOPORTE-WIN10_22h2 Backup 1
[2026-03-07 15:47:54]      -> fecha=2026-03-07 04:15:46 | tamaño=43.76 GB | reciente=NO | hash=omitido (--no-hash)
[2026-03-07 15:47:54]   [2/2] Analizando: COS-SOPORTE-WIN10_22h2 Backup_1
[2026-03-07 15:47:54]      -> fecha=2026-03-03 04:14:58 | tamaño=53.57 GB | reciente=NO | hash=omitido (--no-hash)
[2026-03-07 15:47:54] 
[Grupo Veeam 12/98] COS-WORKFORCE-PRUEBAS Backup
[2026-03-07 15:47:54]  PROTEGIDO: COS-WORKFORCE-PRUEBAS Backup_1 (no tiene gemelas suficientes)
[2026-03-07 15:47:54] 
[Grupo Veeam 13/98] frontcolas Backup
[2026-03-07 15:47:54]  PROTEGIDO: frontcolas Backup (no tiene gemelas suficientes)
[2026-03-07 15:47:54] 
[Grupo Veeam 14/98] JUZGADOS Backup
[2026-03-07 15:47:54]  PROTEGIDO: JUZGADOS Backup (no tiene gemelas suficientes)
[2026-03-07 15:47:54] 
[Grupo Veeam 15/98] MON-ASTERISK-VOICEBOT-PRODV2 Backup
[2026-03-07 15:47:54]  PROTEGIDO: MON-ASTERISK-VOICEBOT-PRODV2 Backup (no tiene gemelas suficientes)
[2026-03-07 15:47:54] 
[Grupo Veeam 16/98] MON-CLOUD-CARBONIO Backup
[2026-03-07 15:47:54]  PROTEGIDO: MON-CLOUD-CARBONIO Backup (no tiene gemelas suficientes)
[2026-03-07 15:47:54] 
[Grupo Veeam 17/98] MON-CLOUD-WIN_NOTIFICACIONES Backup
[2026-03-07 15:47:54]   [1/2] Analizando: MON-CLOUD-WIN_NOTIFICACIONES Backup 1
[2026-03-07 15:47:54]      -> fecha=2026-03-07 04:16:12 | tamaño=251.59 GB | reciente=NO | hash=omitido (--no-hash)
[2026-03-07 15:47:54]   [2/2] Analizando: MON-CLOUD-WIN_NOTIFICACIONES Backup_1
[2026-03-07 15:47:54]      -> fecha=2026-03-03 04:08:02 | tamaño=242.03 GB | reciente=NO | hash=omitido (--no-hash)
[2026-03-07 15:47:54] 
[Grupo Veeam 18/98] MON-CLOUD_EXPRESS_ISOLATED Backup
[2026-03-07 15:47:54]  PROTEGIDO: MON-CLOUD_EXPRESS_ISOLATED Backup (no tiene gemelas suficientes)
[2026-03-07 15:47:54] 
[Grupo Veeam 19/98] MON-CLUSTER_AUTENTICATION-Nodo2-now Backup
[2026-03-07 15:47:54]  PROTEGIDO: MON-CLUSTER_AUTENTICATION-Nodo2-now Backup (no tiene gemelas suficientes)
[2026-03-07 15:47:54] 
[Grupo Veeam 20/98] MON-CONFIANZA-GMF-PROD Backup
[2026-03-07 15:47:54]  PROTEGIDO: MON-CONFIANZA-GMF-PROD Backup_1 (no tiene gemelas suficientes)
[2026-03-07 15:47:54] 
[Grupo Veeam 21/98] MON-DBA-CARTERA-NODO-1-new Backup
[2026-03-07 15:47:54]  PROTEGIDO: MON-DBA-CARTERA-NODO-1-new Backup (no tiene gemelas suficientes)
[2026-03-07 15:47:54] 
[Grupo Veeam 22/98] MON-DBA-CLUSTER-RPA_1 Backup
[2026-03-07 15:47:54]  PROTEGIDO: MON-DBA-CLUSTER-RPA_1 Backup_1 (no tiene gemelas suficientes)
[2026-03-07 15:47:54] 
[Grupo Veeam 23/98] MON-DBA-CRM2_NODO_1 Backup
[2026-03-07 15:47:54]   [1/2] Analizando: MON-DBA-CRM2_NODO_1 Backup
[2026-03-07 15:47:54]      -> fecha=2026-03-03 05:02:28 | tamaño=227.58 GB | reciente=NO | hash=omitido (--no-hash)
[2026-03-07 15:47:54]   [2/2] Analizando: MON-DBA-CRM2_NODO_1 Backup 1
[2026-03-07 15:47:54]      -> fecha=2026-03-07 04:00:20 | tamaño=191.05 GB | reciente=NO | hash=omitido (--no-hash)
[2026-03-07 15:47:54] 
[Grupo Veeam 24/98] MON-DBA-MYSQL-MIOS1-PROD Backup
[2026-03-07 15:47:54]  PROTEGIDO: MON-DBA-MYSQL-MIOS1-PROD Backup_1 (no tiene gemelas suficientes)
[2026-03-07 15:47:54] 
[Grupo Veeam 25/98] MON-DBA-VOICEBOT Backup
[2026-03-07 15:47:54]  PROTEGIDO: MON-DBA-VOICEBOT Backup_1 (no tiene gemelas suficientes)
[2026-03-07 15:47:54] 
[Grupo Veeam 26/98] MON-DBA_APPMASTER_NODO1_PROD Backup
[2026-03-07 15:47:54]  PROTEGIDO: MON-DBA_APPMASTER_NODO1_PROD Backup (no tiene gemelas suficientes)
[2026-03-07 15:47:54] 
[Grupo Veeam 27/98] MON-DBA_BACKUP Backup
[2026-03-07 15:47:54]  PROTEGIDO: MON-DBA_BACKUP Backup (no tiene gemelas suficientes)
[2026-03-07 15:47:54] 
[Grupo Veeam 28/98] MON-DBA_POSTGRESQL_PROD Backup
[2026-03-07 15:47:54]   [1/2] Analizando: MON-DBA_POSTGRESQL_PROD Backup 1
[2026-03-07 15:47:54]      -> fecha=2026-03-07 03:02:46 | tamaño=38.71 GB | reciente=NO | hash=omitido (--no-hash)
[2026-03-07 15:47:54]   [2/2] Analizando: MON-DBA_POSTGRESQL_PROD Backup_1
[2026-03-07 15:47:54]      -> fecha=2026-03-03 04:17:13 | tamaño=38.40 GB | reciente=NO | hash=omitido (--no-hash)
[2026-03-07 15:47:54] 
[Grupo Veeam 29/98] MON-DEV-SOULCHAT-PROD Backup
[2026-03-07 15:47:54]  PROTEGIDO: MON-DEV-SOULCHAT-PROD Backup (no tiene gemelas suficientes)
[2026-03-07 15:47:54] 
[Grupo Veeam 30/98] MON-DEVOPS_BALANCER_MASTER Backup
[2026-03-07 15:47:54]  PROTEGIDO: MON-DEVOPS_BALANCER_MASTER Backup (no tiene gemelas suficientes)
[2026-03-07 15:47:54] 
[Grupo Veeam 31/98] MON-DEV_APPMASTER_PROJECTS_8.5-PROD Backup
[2026-03-07 15:47:54]  PROTEGIDO: MON-DEV_APPMASTER_PROJECTS_8.5-PROD Backup (no tiene gemelas suficientes)
[2026-03-07 15:47:54] 
[Grupo Veeam 32/98] MON-DEV_APPMASTER_PROJECTS_8.7-PROD1 Backup
[2026-03-07 15:47:54]  PROTEGIDO: MON-DEV_APPMASTER_PROJECTS_8.7-PROD1 Backup (no tiene gemelas suficientes)
[2026-03-07 15:47:54] 
[Grupo Veeam 33/98] MON-DEV_CARTERAS_PROD Backup
[2026-03-07 15:47:54]  PROTEGIDO: MON-DEV_CARTERAS_PROD Backup_1 (no tiene gemelas suficientes)
[2026-03-07 15:47:54] 
[Grupo Veeam 34/98] MON-DEV_CARTERAWOM-PROD Backup
[2026-03-07 15:47:54]   [1/2] Analizando: MON-DEV_CARTERAWOM-PROD Backup 1
[2026-03-07 15:47:54]      -> fecha=2026-03-07 03:13:27 | tamaño=55.05 GB | reciente=NO | hash=omitido (--no-hash)
[2026-03-07 15:47:54]   [2/2] Analizando: MON-DEV_CARTERAWOM-PROD Backup_1
[2026-03-07 15:47:54]      -> fecha=2026-03-03 04:16:39 | tamaño=55.77 GB | reciente=NO | hash=omitido (--no-hash)
[2026-03-07 15:47:54] 
[Grupo Veeam 35/98] MON-DEV_CENTOS_LARAVEL_PROD1 Backup
[2026-03-07 15:47:54]   [1/2] Analizando: MON-DEV_CENTOS_LARAVEL_PROD1 Backup
[2026-03-07 15:47:54]      -> fecha=2026-03-04 04:20:18 | tamaño=1.05 TB | reciente=NO | hash=omitido (--no-hash)
[2026-03-07 15:47:54]   [2/2] Analizando: MON-DEV_CENTOS_LARAVEL_PROD1 Backup 1
[2026-03-07 15:47:55]      -> fecha=2026-03-07 04:02:35 | tamaño=1.05 TB | reciente=NO | hash=omitido (--no-hash)
[2026-03-07 15:47:55] 
[Grupo Veeam 36/98] MON-DEV_F5_NGINX_PLUS Backup
[2026-03-07 15:47:55]  PROTEGIDO: MON-DEV_F5_NGINX_PLUS Backup (no tiene gemelas suficientes)
[2026-03-07 15:47:55] 
[Grupo Veeam 37/98] MON-DEV_KUBE-RECORDS Backup
[2026-03-07 15:47:55]  PROTEGIDO: MON-DEV_KUBE-RECORDS Backup_1 (no tiene gemelas suficientes)
[2026-03-07 15:47:55] 
[Grupo Veeam 38/98] MON-DEV_MIOS_MICROSERVICES_PROD_DOCKERS_NUEVOS Backup
[2026-03-07 15:47:55]   [1/2] Analizando: MON-DEV_MIOS_MICROSERVICES_PROD_DOCKERS_NUEVOS Backup 1
[2026-03-07 15:47:55]      -> fecha=2026-03-07 03:31:20 | tamaño=167.17 GB | reciente=NO | hash=omitido (--no-hash)
[2026-03-07 15:47:55]   [2/2] Analizando: MON-DEV_MIOS_MICROSERVICES_PROD_DOCKERS_NUEVOS Backup_1
[2026-03-07 15:47:55]      -> fecha=2026-03-04 04:47:32 | tamaño=173.31 GB | reciente=NO | hash=omitido (--no-hash)
[2026-03-07 15:47:55] 
[Grupo Veeam 39/98] MON-DEV_MIOS_MICROSERVICES_PROD_DOCKERS_NUEVOS_PRUEBA Backup
[2026-03-07 15:47:55]  PROTEGIDO: MON-DEV_MIOS_MICROSERVICES_PROD_DOCKERS_NUEVOS_PRUEBA Backup (no tiene gemelas suficientes)
[2026-03-07 15:47:55] 
[Grupo Veeam 40/98] MON-DEV_MIOS_MICROSERVICES_QUALITY1 Backup
[2026-03-07 15:47:55]   [1/2] Analizando: MON-DEV_MIOS_MICROSERVICES_QUALITY1 Backup
[2026-03-07 15:47:55]      -> fecha=2026-03-03 04:15:37 | tamaño=35.00 GB | reciente=NO | hash=omitido (--no-hash)
[2026-03-07 15:47:55]   [2/2] Analizando: MON-DEV_MIOS_MICROSERVICES_QUALITY1 Backup 1
[2026-03-07 15:47:55]      -> fecha=2026-03-07 03:07:40 | tamaño=32.66 GB | reciente=NO | hash=omitido (--no-hash)
[2026-03-07 15:47:55] 
[Grupo Veeam 41/98] MON-DEV_MIOS_MICROSERVICES_QUALITY_TF Backup
[2026-03-07 15:47:55]  PROTEGIDO: MON-DEV_MIOS_MICROSERVICES_QUALITY_TF Backup (no tiene gemelas suficientes)
[2026-03-07 15:47:55] 
[Grupo Veeam 42/98] MON-DEV_MIOS_VICIDIAL_PROD Backup
[2026-03-07 15:47:55]  PROTEGIDO: MON-DEV_MIOS_VICIDIAL_PROD Backup_1 (no tiene gemelas suficientes)
[2026-03-07 15:47:55] 
[Grupo Veeam 43/98] MON-DEV_PROD_APPMASTER_3-PROD Backup
[2026-03-07 15:47:55]  PROTEGIDO: MON-DEV_PROD_APPMASTER_3-PROD Backup (no tiene gemelas suficientes)
[2026-03-07 15:47:55] 
[Grupo Veeam 44/98] MON-DEV_PROD_APPMASTER_4-prod Backup
[2026-03-07 15:47:55]  PROTEGIDO: MON-DEV_PROD_APPMASTER_4-prod Backup (no tiene gemelas suficientes)
[2026-03-07 15:47:55] 
[Grupo Veeam 45/98] MON-DEV_RP_WEB_SERVICES-PROD Backup
[2026-03-07 15:47:56]  PROTEGIDO: MON-DEV_RP_WEB_SERVICES-PROD Backup_1 (no tiene gemelas suficientes)
[2026-03-07 15:47:56] 
[Grupo Veeam 46/98] MON-DEV_RRHH-PROD Backup
[2026-03-07 15:47:56]   [1/2] Analizando: MON-DEV_RRHH-PROD Backup
[2026-03-07 15:47:56]      -> fecha=2026-03-03 04:12:39 | tamaño=134.20 GB | reciente=NO | hash=omitido (--no-hash)
[2026-03-07 15:47:56]   [2/2] Analizando: MON-DEV_RRHH-PROD Backup 1
[2026-03-07 15:47:56]      -> fecha=2026-03-07 04:15:47 | tamaño=131.48 GB | reciente=NO | hash=omitido (--no-hash)
[2026-03-07 15:47:56] 
[Grupo Veeam 47/98] MON-DEV_VICIDIAL_MARCADOR2 Backup
[2026-03-07 15:47:56]  PROTEGIDO: MON-DEV_VICIDIAL_MARCADOR2 Backup_1 (no tiene gemelas suficientes)
[2026-03-07 15:47:56] 
[Grupo Veeam 48/98] MON-DEV_VICIDIAL_MASTER Backup
[2026-03-07 15:47:56]  PROTEGIDO: MON-DEV_VICIDIAL_MASTER Backup_1 (no tiene gemelas suficientes)
[2026-03-07 15:47:56] 
[Grupo Veeam 49/98] MON-DEV_VICIDIAL_NODO3 Backup
[2026-03-07 15:47:56]  PROTEGIDO: MON-DEV_VICIDIAL_NODO3 Backup_1 (no tiene gemelas suficientes)
[2026-03-07 15:47:56] 
[Grupo Veeam 50/98] MON-DEV_VICIDIAL_WEB-RTC Backup
[2026-03-07 15:47:56]   [1/2] Analizando: MON-DEV_VICIDIAL_WEB-RTC Backup 1
[2026-03-07 15:47:56]      -> fecha=2026-03-07 03:00:53 | tamaño=148.09 GB | reciente=NO | hash=omitido (--no-hash)
[2026-03-07 15:47:56]   [2/2] Analizando: MON-DEV_VICIDIAL_WEB-RTC Backup_1
[2026-03-07 15:47:56]      -> fecha=2026-03-04 04:31:14 | tamaño=148.25 GB | reciente=NO | hash=omitido (--no-hash)
[2026-03-07 15:47:56] 
[Grupo Veeam 51/98] MON-DEV_VivamosHumanosWP Backup
[2026-03-07 15:47:56]  PROTEGIDO: MON-DEV_VivamosHumanosWP Backup_1 (no tiene gemelas suficientes)
[2026-03-07 15:47:56] 
[Grupo Veeam 52/98] MON-DEV_WIN10_CORREO_SBS Backup
[2026-03-07 15:47:56]   [1/2] Analizando: MON-DEV_WIN10_CORREO_SBS Backup 1
[2026-03-07 15:47:56]      -> fecha=2026-03-07 03:15:49 | tamaño=232.94 GB | reciente=NO | hash=omitido (--no-hash)
[2026-03-07 15:47:56]   [2/2] Analizando: MON-DEV_WIN10_CORREO_SBS Backup_1
[2026-03-07 15:47:56]      -> fecha=2026-03-03 04:26:12 | tamaño=253.14 GB | reciente=NO | hash=omitido (--no-hash)
[2026-03-07 15:47:56] 
[Grupo Veeam 53/98] MON-DEV_WIN10_NEW_SBS_INBOUND Backup
[2026-03-07 15:47:56]  PROTEGIDO: MON-DEV_WIN10_NEW_SBS_INBOUND Backup_1 (no tiene gemelas suficientes)
[2026-03-07 15:47:56] 
[Grupo Veeam 54/98] MON-DEV_WIN10_RECOVER_TOP_ETB Backup
[2026-03-07 15:47:56]   [1/2] Analizando: MON-DEV_WIN10_RECOVER_TOP_ETB Backup 1
[2026-03-07 15:47:56]      -> fecha=2026-03-07 03:02:05 | tamaño=313.59 GB | reciente=NO | hash=omitido (--no-hash)
[2026-03-07 15:47:56]   [2/2] Analizando: MON-DEV_WIN10_RECOVER_TOP_ETB Backup_1
[2026-03-07 15:47:57]      -> fecha=2026-03-04 04:26:39 | tamaño=324.49 GB | reciente=NO | hash=omitido (--no-hash)
[2026-03-07 15:47:57] 
[Grupo Veeam 55/98] MON-DEV_WINDOWS_CRM_EXPRESS Backup
[2026-03-07 15:47:57]   [1/2] Analizando: MON-DEV_WINDOWS_CRM_EXPRESS Backup 2
[2026-03-07 15:47:57]      -> fecha=2026-03-07 03:36:46 | tamaño=155.41 GB | reciente=NO | hash=omitido (--no-hash)
[2026-03-07 15:47:57]   [2/2] Analizando: MON-DEV_WINDOWS_CRM_EXPRESS Backup_1
[2026-03-07 15:47:57]      -> fecha=2026-03-04 04:31:36 | tamaño=165.65 GB | reciente=NO | hash=omitido (--no-hash)
[2026-03-07 15:47:57] 
[Grupo Veeam 56/98] MON-GLPI-PROD Backup
[2026-03-07 15:47:57]  PROTEGIDO: MON-GLPI-PROD Backup_1 (no tiene gemelas suficientes)
[2026-03-07 15:47:57] 
[Grupo Veeam 57/98] MON-GLPI_CONTACTO-PROD Backup
[2026-03-07 15:47:57]  PROTEGIDO: MON-GLPI_CONTACTO-PROD Backup_1 (no tiene gemelas suficientes)
[2026-03-07 15:47:57] 
[Grupo Veeam 58/98] MON-JITSI-PROD Backup
[2026-03-07 15:47:57]  PROTEGIDO: MON-JITSI-PROD Backup_1 (no tiene gemelas suficientes)
[2026-03-07 15:47:57] 
[Grupo Veeam 59/98] MON-MICROSERVICES-DOCKERS-QA Backup
[2026-03-07 15:47:57]  PROTEGIDO: MON-MICROSERVICES-DOCKERS-QA Backup (no tiene gemelas suficientes)
[2026-03-07 15:47:57] 
[Grupo Veeam 60/98] MON-MIOS1_PROD Backup
[2026-03-07 15:47:57]  PROTEGIDO: MON-MIOS1_PROD Backup_1 (no tiene gemelas suficientes)
[2026-03-07 15:47:57] 
[Grupo Veeam 61/98] MON-MYSQL-QA Backup
[2026-03-07 15:47:57]  PROTEGIDO: MON-MYSQL-QA Backup (no tiene gemelas suficientes)
[2026-03-07 15:47:57] 
[Grupo Veeam 62/98] MON-OMNICHANNEL_CENTOS_DASHBOTS_87-PROD Backup
[2026-03-07 15:47:57]  PROTEGIDO: MON-OMNICHANNEL_CENTOS_DASHBOTS_87-PROD Backup_1 (no tiene gemelas suficientes)
[2026-03-07 15:47:57] 
[Grupo Veeam 63/98] MON-QA-TESTLINK Backup
[2026-03-07 15:47:57]  PROTEGIDO: MON-QA-TESTLINK Backup (no tiene gemelas suficientes)
[2026-03-07 15:47:57] 
[Grupo Veeam 64/98] MON-RPA-CLAROVENTAS-PROD-1 Backup
[2026-03-07 15:47:57]  PROTEGIDO: MON-RPA-CLAROVENTAS-PROD-1 Backup (no tiene gemelas suficientes)
[2026-03-07 15:47:57] 
[Grupo Veeam 65/98] MON-RPA-CLAROVENTAS-PROD-2 Backup
[2026-03-07 15:47:57]  PROTEGIDO: MON-RPA-CLAROVENTAS-PROD-2 Backup (no tiene gemelas suficientes)
[2026-03-07 15:47:57] 
[Grupo Veeam 66/98] MON-SMART-CONFIANZA-QA Backup
[2026-03-07 15:47:57]  PROTEGIDO: MON-SMART-CONFIANZA-QA Backup (no tiene gemelas suficientes)
[2026-03-07 15:47:57] 
[Grupo Veeam 67/98] MON-SMART-GM-PROD Backup
[2026-03-07 15:47:57]  PROTEGIDO: MON-SMART-GM-PROD Backup_1 (no tiene gemelas suficientes)
[2026-03-07 15:47:57] 
[Grupo Veeam 68/98] MON-SMART-GW1-SBS-PROD Backup
[2026-03-07 15:47:57]  PROTEGIDO: MON-SMART-GW1-SBS-PROD Backup_1 (no tiene gemelas suficientes)
[2026-03-07 15:47:57] 
[Grupo Veeam 69/98] MON-SMART-GW2-GMF-PROD Backup
[2026-03-07 15:47:57]  PROTEGIDO: MON-SMART-GW2-GMF-PROD Backup_1 (no tiene gemelas suficientes)
[2026-03-07 15:47:57] 
[Grupo Veeam 70/98] MON-SMART-GW3-CONFIANZA-PROD Backup
[2026-03-07 15:47:57]  PROTEGIDO: MON-SMART-GW3-CONFIANZA-PROD Backup_1 (no tiene gemelas suficientes)
[2026-03-07 15:47:57] 
[Grupo Veeam 71/98] MON-SMART-GWGMF-QA Backup
[2026-03-07 15:47:57]  PROTEGIDO: MON-SMART-GWGMF-QA Backup (no tiene gemelas suficientes)
[2026-03-07 15:47:57] 
[Grupo Veeam 72/98] MON-SMART-GWSBS-QA Backup
[2026-03-07 15:47:57]   [1/2] Analizando: MON-SMART-GWSBS-QA Backup
[2026-03-07 15:47:57]      -> fecha=2026-03-03 04:14:53 | tamaño=49.68 GB | reciente=NO | hash=omitido (--no-hash)
[2026-03-07 15:47:57]   [2/2] Analizando: MON-SMART-GWSBS-QA Backup 1
[2026-03-07 15:47:57]      -> fecha=2026-03-07 03:24:57 | tamaño=49.68 GB | reciente=NO | hash=omitido (--no-hash)
[2026-03-07 15:47:57] 
[Grupo Veeam 73/98] MON-SMART-QA Backup
[2026-03-07 15:47:57]  PROTEGIDO: MON-SMART-QA Backup (no tiene gemelas suficientes)
[2026-03-07 15:47:57] 
[Grupo Veeam 74/98] MON-SMART_CONFIANZA-PROD_TF Backup
[2026-03-07 15:47:57]  PROTEGIDO: MON-SMART_CONFIANZA-PROD_TF Backup (no tiene gemelas suficientes)
[2026-03-07 15:47:57] 
[Grupo Veeam 75/98] MONT-AUTO-GOPASS Backup
[2026-03-07 15:47:57]  PROTEGIDO: MONT-AUTO-GOPASS Backup (no tiene gemelas suficientes)
[2026-03-07 15:47:57] 
[Grupo Veeam 76/98] MONT-AZDEVOPS_NODO1 Backup
[2026-03-07 15:47:57]  PROTEGIDO: MONT-AZDEVOPS_NODO1 Backup (no tiene gemelas suficientes)
[2026-03-07 15:47:57] 
[Grupo Veeam 77/98] MONT-AZDEVOPS_NODO2 Backup
[2026-03-07 15:47:57]  PROTEGIDO: MONT-AZDEVOPS_NODO2 Backup_1 (no tiene gemelas suficientes)
[2026-03-07 15:47:57] 
[Grupo Veeam 78/98] MONT-AZDEVOPS_NODO3 Backup
[2026-03-07 15:47:57]  PROTEGIDO: MONT-AZDEVOPS_NODO3 Backup (no tiene gemelas suficientes)
[2026-03-07 15:47:57] 
[Grupo Veeam 79/98] MONT-CLOUD-DEMO Backup
[2026-03-07 15:47:57]  PROTEGIDO: MONT-CLOUD-DEMO Backup (no tiene gemelas suficientes)
[2026-03-07 15:47:57] 
[Grupo Veeam 80/98] MONT-CLOUD-ETBSOUL Backup
[2026-03-07 15:47:57]  PROTEGIDO: MONT-CLOUD-ETBSOUL Backup (no tiene gemelas suficientes)
[2026-03-07 15:47:57] 
[Grupo Veeam 81/98] MONT-CLOUD-OMNICANALIDAD Backup
[2026-03-07 15:47:57]  PROTEGIDO: MONT-CLOUD-OMNICANALIDAD Backup (no tiene gemelas suficientes)
[2026-03-07 15:47:57] 
[Grupo Veeam 82/98] MONT-CLOUD-PROXY-PUBLICOS INTERNO Backup
[2026-03-07 15:47:57]  PROTEGIDO: MONT-CLOUD-PROXY-PUBLICOS INTERNO Backup (no tiene gemelas suficientes)
[2026-03-07 15:47:57] 
[Grupo Veeam 83/98] MONT-CLOUD_K8S_CORE Backup
[2026-03-07 15:47:57]  PROTEGIDO: MONT-CLOUD_K8S_CORE Backup (no tiene gemelas suficientes)
[2026-03-07 15:47:57] 
[Grupo Veeam 84/98] MONT-CLOUD_K8S_CORE_LEGACYNODE Backup
[2026-03-07 15:47:57]  PROTEGIDO: MONT-CLOUD_K8S_CORE_LEGACYNODE Backup (no tiene gemelas suficientes)
[2026-03-07 15:47:57] 
[Grupo Veeam 85/98] MONT-CLOUD_K8S_CORE_LEGACYNODE2 Backup
[2026-03-07 15:47:57]  PROTEGIDO: MONT-CLOUD_K8S_CORE_LEGACYNODE2 Backup (no tiene gemelas suficientes)
[2026-03-07 15:47:57] 
[Grupo Veeam 86/98] MONT-K8S-SOULAPPS_QA Backup
[2026-03-07 15:47:57]   [1/2] Analizando: MONT-K8S-SOULAPPS_QA Backup
[2026-03-07 15:47:57]      -> fecha=2026-03-03 04:01:58 | tamaño=65.62 GB | reciente=NO | hash=omitido (--no-hash)
[2026-03-07 15:47:57]   [2/2] Analizando: MONT-K8S-SOULAPPS_QA Backup 1
[2026-03-07 15:47:58]      -> fecha=2026-03-07 04:11:48 | tamaño=55.63 GB | reciente=NO | hash=omitido (--no-hash)
[2026-03-07 15:47:58] 
[Grupo Veeam 87/98] MONT-K8S-TEST2 Backup
[2026-03-07 15:47:58]  PROTEGIDO: MONT-K8S-TEST2 Backup (no tiene gemelas suficientes)
[2026-03-07 15:47:58] 
[Grupo Veeam 88/98] MONT-PROXY-IFX Backup
[2026-03-07 15:47:58]  PROTEGIDO: MONT-PROXY-IFX Backup (no tiene gemelas suficientes)
[2026-03-07 15:47:58] 
[Grupo Veeam 89/98] MONT-SBS_OFFICIAL-PROD Backup
[2026-03-07 15:47:58]  PROTEGIDO: MONT-SBS_OFFICIAL-PROD Backup (no tiene gemelas suficientes)
[2026-03-07 15:47:58] 
[Grupo Veeam 90/98] MONT-SBS_OFFICIAL-QA Backup
[2026-03-07 15:47:58]  PROTEGIDO: MONT-SBS_OFFICIAL-QA Backup (no tiene gemelas suficientes)
[2026-03-07 15:47:58] 
[Grupo Veeam 91/98] MONT-SOUL-PROD_NEW Backup
[2026-03-07 15:47:58]   [1/2] Analizando: MONT-SOUL-PROD_NEW Backup
[2026-03-07 15:47:58]      -> fecha=2026-03-04 04:45:48 | tamaño=698.98 GB | reciente=NO | hash=omitido (--no-hash)
[2026-03-07 15:47:58]   [2/2] Analizando: MONT-SOUL-PROD_NEW Backup 1
[2026-03-07 15:47:58]      -> fecha=2026-03-07 04:23:13 | tamaño=677.77 GB | reciente=NO | hash=omitido (--no-hash)
[2026-03-07 15:47:58] 
[Grupo Veeam 92/98] MON_DEV_PROD_PRE-EXPRESS-PROD Backup
[2026-03-07 15:47:58]  PROTEGIDO: MON_DEV_PROD_PRE-EXPRESS-PROD Backup_1 (no tiene gemelas suficientes)
[2026-03-07 15:47:58] 
[Grupo Veeam 93/98] OCS_INVENTORY_V2 Backup
[2026-03-07 15:47:58]  PROTEGIDO: OCS_INVENTORY_V2 Backup (no tiene gemelas suficientes)
[2026-03-07 15:47:58] 
[Grupo Veeam 94/98] PRUEBAS SONARQUBE DANIELA Backup
[2026-03-07 15:47:58]  PROTEGIDO: PRUEBAS SONARQUBE DANIELA Backup (no tiene gemelas suficientes)
[2026-03-07 15:47:58] 
[Grupo Veeam 95/98] Semilla Basica Backup
[2026-03-07 15:47:58]  PROTEGIDO: Semilla Basica Backup (no tiene gemelas suficientes)
[2026-03-07 15:47:58] 
[Grupo Veeam 96/98] veeam 13 Backup
[2026-03-07 15:47:58]  PROTEGIDO: veeam 13 Backup (no tiene gemelas suficientes)
[2026-03-07 15:47:58] 
[Grupo Veeam 97/98] VEEAM Backup
[2026-03-07 15:47:58]  PROTEGIDO: VEEAM Backup (no tiene gemelas suficientes)
[2026-03-07 15:47:58] 
[Grupo Veeam 98/98] WORDPRESS_NGINX_MICROSITES Backup
[2026-03-07 15:47:58]  PROTEGIDO: WORDPRESS_NGINX_MICROSITES Backup (no tiene gemelas suficientes)
[2026-03-07 15:47:58] 
 Se encontraron 16 par(es) de carpetas duplicadas

[2026-03-07 15:47:58]   • COS-SOPORTE-WIN10_22h2 Backup_1 → ELIMINAR
[2026-03-07 15:47:58]     ↳ Conservar: COS-SOPORTE-WIN10_22h2 Backup 1
[2026-03-07 15:47:58]     ↳ Tamaño: 53.57 GB
[2026-03-07 15:47:58] 
[2026-03-07 15:47:58]   • MON-CLOUD-WIN_NOTIFICACIONES Backup_1 → ELIMINAR
[2026-03-07 15:47:58]     ↳ Conservar: MON-CLOUD-WIN_NOTIFICACIONES Backup 1
[2026-03-07 15:47:58]     ↳ Tamaño: 242.03 GB
[2026-03-07 15:47:58] 
[2026-03-07 15:47:58]   • MON-DBA-CRM2_NODO_1 Backup → ELIMINAR
[2026-03-07 15:47:58]     ↳ Conservar: MON-DBA-CRM2_NODO_1 Backup 1
[2026-03-07 15:47:58]     ↳ Tamaño: 227.58 GB
[2026-03-07 15:47:58] 
[2026-03-07 15:47:58]   • MON-DBA_POSTGRESQL_PROD Backup_1 → ELIMINAR
[2026-03-07 15:47:58]     ↳ Conservar: MON-DBA_POSTGRESQL_PROD Backup 1
[2026-03-07 15:47:58]     ↳ Tamaño: 38.40 GB
[2026-03-07 15:47:58] 
[2026-03-07 15:47:58]   • MON-DEV_CARTERAWOM-PROD Backup_1 → ELIMINAR
[2026-03-07 15:47:58]     ↳ Conservar: MON-DEV_CARTERAWOM-PROD Backup 1
[2026-03-07 15:47:58]     ↳ Tamaño: 55.77 GB
[2026-03-07 15:47:58] 
[2026-03-07 15:47:58]   • MON-DEV_CENTOS_LARAVEL_PROD1 Backup → ELIMINAR
[2026-03-07 15:47:58]     ↳ Conservar: MON-DEV_CENTOS_LARAVEL_PROD1 Backup 1
[2026-03-07 15:47:58]     ↳ Tamaño: 1.05 TB
[2026-03-07 15:47:58] 
[2026-03-07 15:47:58]   • MON-DEV_MIOS_MICROSERVICES_PROD_DOCKERS_NUEVOS Backup_1 → ELIMINAR
[2026-03-07 15:47:58]     ↳ Conservar: MON-DEV_MIOS_MICROSERVICES_PROD_DOCKERS_NUEVOS Backup 1
[2026-03-07 15:47:58]     ↳ Tamaño: 173.31 GB
[2026-03-07 15:47:58] 
[2026-03-07 15:47:58]   • MON-DEV_MIOS_MICROSERVICES_QUALITY1 Backup → ELIMINAR
[2026-03-07 15:47:58]     ↳ Conservar: MON-DEV_MIOS_MICROSERVICES_QUALITY1 Backup 1
[2026-03-07 15:47:58]     ↳ Tamaño: 35.00 GB
[2026-03-07 15:47:58] 
[2026-03-07 15:47:58]   • MON-DEV_RRHH-PROD Backup → ELIMINAR
[2026-03-07 15:47:58]     ↳ Conservar: MON-DEV_RRHH-PROD Backup 1
[2026-03-07 15:47:58]     ↳ Tamaño: 134.20 GB
[2026-03-07 15:47:58] 
[2026-03-07 15:47:58]   • MON-DEV_VICIDIAL_WEB-RTC Backup_1 → ELIMINAR
[2026-03-07 15:47:58]     ↳ Conservar: MON-DEV_VICIDIAL_WEB-RTC Backup 1
[2026-03-07 15:47:58]     ↳ Tamaño: 148.25 GB
[2026-03-07 15:47:58] 
[2026-03-07 15:47:58]   • MON-DEV_WIN10_CORREO_SBS Backup_1 → ELIMINAR
[2026-03-07 15:47:58]     ↳ Conservar: MON-DEV_WIN10_CORREO_SBS Backup 1
[2026-03-07 15:47:58]     ↳ Tamaño: 253.14 GB
[2026-03-07 15:47:58] 
[2026-03-07 15:47:58]   • MON-DEV_WIN10_RECOVER_TOP_ETB Backup_1 → ELIMINAR
[2026-03-07 15:47:58]     ↳ Conservar: MON-DEV_WIN10_RECOVER_TOP_ETB Backup 1
[2026-03-07 15:47:58]     ↳ Tamaño: 324.49 GB
[2026-03-07 15:47:58] 
[2026-03-07 15:47:58]   • MON-DEV_WINDOWS_CRM_EXPRESS Backup_1 → ELIMINAR
[2026-03-07 15:47:58]     ↳ Conservar: MON-DEV_WINDOWS_CRM_EXPRESS Backup 2
[2026-03-07 15:47:58]     ↳ Tamaño: 165.65 GB
[2026-03-07 15:47:58] 
[2026-03-07 15:47:58]   • MON-SMART-GWSBS-QA Backup → ELIMINAR
[2026-03-07 15:47:58]     ↳ Conservar: MON-SMART-GWSBS-QA Backup 1
[2026-03-07 15:47:58]     ↳ Tamaño: 49.68 GB
[2026-03-07 15:47:58] 
[2026-03-07 15:47:58]   • MONT-K8S-SOULAPPS_QA Backup → ELIMINAR
[2026-03-07 15:47:58]     ↳ Conservar: MONT-K8S-SOULAPPS_QA Backup 1
[2026-03-07 15:47:58]     ↳ Tamaño: 65.62 GB
[2026-03-07 15:47:58] 
[2026-03-07 15:47:58]   • MONT-SOUL-PROD_NEW Backup → ELIMINAR
[2026-03-07 15:47:58]     ↳ Conservar: MONT-SOUL-PROD_NEW Backup 1
[2026-03-07 15:47:58]     ↳ Tamaño: 698.98 GB
[2026-03-07 15:47:58] 
[2026-03-07 15:47:58] 
================================================================================
[2026-03-07 15:47:58] MODO: ELIMINACIÓN REAL
[2026-03-07 15:47:58] ================================================================================

[2026-03-07 15:47:58] 
────────────────────────────────────────────────────────────────────────────────
[2026-03-07 15:47:58] [1/16] Job: COS-SOPORTE-WIN10_22h2
[2026-03-07 15:47:58] ────────────────────────────────────────────────────────────────────────────────
[2026-03-07 15:47:58]   ELIMINAR:  COS-SOPORTE-WIN10_22h2 Backup_1
[2026-03-07 15:47:58]   CONSERVAR: COS-SOPORTE-WIN10_22h2 Backup 1
[2026-03-07 15:47:58]   Fecha a eliminar:  2026-03-03 04:14:58
[2026-03-07 15:47:58]   Fecha a conservar: 2026-03-07 04:15:46
[2026-03-07 15:47:58]   Tamaño a liberar: 53.57 GB
[2026-03-07 15:47:58]   Patrón detectado: Veeam
[2026-03-07 15:47:58]   Estado: MULTI
[2026-03-07 15:47:59]   Eliminado exitosamente
[2026-03-07 15:47:59] 
────────────────────────────────────────────────────────────────────────────────
[2026-03-07 15:47:59] [2/16] Job: MON-CLOUD-WIN_NOTIFICACIONES
[2026-03-07 15:47:59] ────────────────────────────────────────────────────────────────────────────────
[2026-03-07 15:47:59]   ELIMINAR:  MON-CLOUD-WIN_NOTIFICACIONES Backup_1
[2026-03-07 15:47:59]   CONSERVAR: MON-CLOUD-WIN_NOTIFICACIONES Backup 1
[2026-03-07 15:47:59]   Fecha a eliminar:  2026-03-03 04:08:02
[2026-03-07 15:47:59]   Fecha a conservar: 2026-03-07 04:16:12
[2026-03-07 15:47:59]   Tamaño a liberar: 242.03 GB
[2026-03-07 15:47:59]   Patrón detectado: Veeam
[2026-03-07 15:47:59]   Estado: MULTI
[2026-03-07 15:48:10]   Eliminado exitosamente
[2026-03-07 15:48:10] 
────────────────────────────────────────────────────────────────────────────────
[2026-03-07 15:48:10] [3/16] Job: MON-DBA-CRM2_NODO
[2026-03-07 15:48:10] ────────────────────────────────────────────────────────────────────────────────
[2026-03-07 15:48:10]   ELIMINAR:  MON-DBA-CRM2_NODO_1 Backup
[2026-03-07 15:48:10]   CONSERVAR: MON-DBA-CRM2_NODO_1 Backup 1
[2026-03-07 15:48:10]   Fecha a eliminar:  2026-03-03 05:02:28
[2026-03-07 15:48:10]   Fecha a conservar: 2026-03-07 04:00:20
[2026-03-07 15:48:10]   Tamaño a liberar: 227.58 GB
[2026-03-07 15:48:10]   Patrón detectado: Veeam
[2026-03-07 15:48:10]   Estado: MULTI
[2026-03-07 15:48:18]   Eliminado exitosamente
[2026-03-07 15:48:18] 
────────────────────────────────────────────────────────────────────────────────
[2026-03-07 15:48:18] [4/16] Job: MON-DBA_POSTGRESQL_PROD
[2026-03-07 15:48:18] ────────────────────────────────────────────────────────────────────────────────
[2026-03-07 15:48:18]   ELIMINAR:  MON-DBA_POSTGRESQL_PROD Backup_1
[2026-03-07 15:48:18]   CONSERVAR: MON-DBA_POSTGRESQL_PROD Backup 1
[2026-03-07 15:48:18]   Fecha a eliminar:  2026-03-03 04:17:13
[2026-03-07 15:48:18]   Fecha a conservar: 2026-03-07 03:02:46
[2026-03-07 15:48:18]   Tamaño a liberar: 38.40 GB
[2026-03-07 15:48:18]   Patrón detectado: Veeam
[2026-03-07 15:48:18]   Estado: MULTI
[2026-03-07 15:48:18]   Eliminado exitosamente
[2026-03-07 15:48:18] 
────────────────────────────────────────────────────────────────────────────────
[2026-03-07 15:48:18] [5/16] Job: MON-DEV_CARTERAWOM-PROD
[2026-03-07 15:48:18] ────────────────────────────────────────────────────────────────────────────────
[2026-03-07 15:48:18]   ELIMINAR:  MON-DEV_CARTERAWOM-PROD Backup_1
[2026-03-07 15:48:18]   CONSERVAR: MON-DEV_CARTERAWOM-PROD Backup 1
[2026-03-07 15:48:18]   Fecha a eliminar:  2026-03-03 04:16:39
[2026-03-07 15:48:18]   Fecha a conservar: 2026-03-07 03:13:27
[2026-03-07 15:48:18]   Tamaño a liberar: 55.77 GB
[2026-03-07 15:48:18]   Patrón detectado: Veeam
[2026-03-07 15:48:18]   Estado: MULTI
[2026-03-07 15:48:19]   Eliminado exitosamente
[2026-03-07 15:48:19] 
────────────────────────────────────────────────────────────────────────────────
[2026-03-07 15:48:19] [6/16] Job: MON-DEV_CENTOS_LARAVEL_PROD1
[2026-03-07 15:48:19] ────────────────────────────────────────────────────────────────────────────────
[2026-03-07 15:48:19]   ELIMINAR:  MON-DEV_CENTOS_LARAVEL_PROD1 Backup
[2026-03-07 15:48:19]   CONSERVAR: MON-DEV_CENTOS_LARAVEL_PROD1 Backup 1
[2026-03-07 15:48:19]   Fecha a eliminar:  2026-03-04 04:20:18
[2026-03-07 15:48:19]   Fecha a conservar: 2026-03-07 04:02:35
[2026-03-07 15:48:19]   Tamaño a liberar: 1.05 TB
[2026-03-07 15:48:19]   Patrón detectado: Veeam
[2026-03-07 15:48:19]   Estado: MULTI
[2026-03-07 15:49:35]   Eliminado exitosamente
[2026-03-07 15:49:35] 
────────────────────────────────────────────────────────────────────────────────
[2026-03-07 15:49:35] [7/16] Job: MON-DEV_MIOS_MICROSERVICES_PROD_DOCKERS_NUEVOS
[2026-03-07 15:49:35] ────────────────────────────────────────────────────────────────────────────────
[2026-03-07 15:49:35]   ELIMINAR:  MON-DEV_MIOS_MICROSERVICES_PROD_DOCKERS_NUEVOS Backup_1
[2026-03-07 15:49:35]   CONSERVAR: MON-DEV_MIOS_MICROSERVICES_PROD_DOCKERS_NUEVOS Backup 1
[2026-03-07 15:49:35]   Fecha a eliminar:  2026-03-04 04:47:32
[2026-03-07 15:49:35]   Fecha a conservar: 2026-03-07 03:31:20
[2026-03-07 15:49:35]   Tamaño a liberar: 173.31 GB
[2026-03-07 15:49:35]   Patrón detectado: Veeam
[2026-03-07 15:49:35]   Estado: MULTI
[2026-03-07 15:50:16]   Eliminado exitosamente
[2026-03-07 15:50:16] 
────────────────────────────────────────────────────────────────────────────────
[2026-03-07 15:50:16] [8/16] Job: MON-DEV_MIOS_MICROSERVICES_QUALITY1
[2026-03-07 15:50:16] ────────────────────────────────────────────────────────────────────────────────
[2026-03-07 15:50:16]   ELIMINAR:  MON-DEV_MIOS_MICROSERVICES_QUALITY1 Backup
[2026-03-07 15:50:16]   CONSERVAR: MON-DEV_MIOS_MICROSERVICES_QUALITY1 Backup 1
[2026-03-07 15:50:16]   Fecha a eliminar:  2026-03-03 04:15:37
[2026-03-07 15:50:16]   Fecha a conservar: 2026-03-07 03:07:40
[2026-03-07 15:50:16]   Tamaño a liberar: 35.00 GB
[2026-03-07 15:50:16]   Patrón detectado: Veeam
[2026-03-07 15:50:16]   Estado: MULTI
[2026-03-07 15:50:17]   Eliminado exitosamente
[2026-03-07 15:50:17] 
────────────────────────────────────────────────────────────────────────────────
[2026-03-07 15:50:17] [9/16] Job: MON-DEV_RRHH-PROD
[2026-03-07 15:50:17] ────────────────────────────────────────────────────────────────────────────────
[2026-03-07 15:50:17]   ELIMINAR:  MON-DEV_RRHH-PROD Backup
[2026-03-07 15:50:17]   CONSERVAR: MON-DEV_RRHH-PROD Backup 1
[2026-03-07 15:50:17]   Fecha a eliminar:  2026-03-03 04:12:39
[2026-03-07 15:50:17]   Fecha a conservar: 2026-03-07 04:15:47
[2026-03-07 15:50:17]   Tamaño a liberar: 134.20 GB
[2026-03-07 15:50:17]   Patrón detectado: Veeam
[2026-03-07 15:50:17]   Estado: MULTI
[2026-03-07 15:50:19]   Eliminado exitosamente
[2026-03-07 15:50:19] 
────────────────────────────────────────────────────────────────────────────────
[2026-03-07 15:50:19] [10/16] Job: MON-DEV_VICIDIAL_WEB-RTC
[2026-03-07 15:50:19] ────────────────────────────────────────────────────────────────────────────────
[2026-03-07 15:50:19]   ELIMINAR:  MON-DEV_VICIDIAL_WEB-RTC Backup_1
[2026-03-07 15:50:19]   CONSERVAR: MON-DEV_VICIDIAL_WEB-RTC Backup 1
[2026-03-07 15:50:19]   Fecha a eliminar:  2026-03-04 04:31:14
[2026-03-07 15:50:19]   Fecha a conservar: 2026-03-07 03:00:53
[2026-03-07 15:50:19]   Tamaño a liberar: 148.25 GB
[2026-03-07 15:50:19]   Patrón detectado: Veeam
[2026-03-07 15:50:19]   Estado: MULTI
[2026-03-07 15:51:08]   Eliminado exitosamente
[2026-03-07 15:51:08] 
────────────────────────────────────────────────────────────────────────────────
[2026-03-07 15:51:08] [11/16] Job: MON-DEV_WIN10_CORREO_SBS
[2026-03-07 15:51:08] ────────────────────────────────────────────────────────────────────────────────
[2026-03-07 15:51:08]   ELIMINAR:  MON-DEV_WIN10_CORREO_SBS Backup_1
[2026-03-07 15:51:08]   CONSERVAR: MON-DEV_WIN10_CORREO_SBS Backup 1
[2026-03-07 15:51:08]   Fecha a eliminar:  2026-03-03 04:26:12
[2026-03-07 15:51:08]   Fecha a conservar: 2026-03-07 03:15:49
[2026-03-07 15:51:08]   Tamaño a liberar: 253.14 GB
[2026-03-07 15:51:08]   Patrón detectado: Veeam
[2026-03-07 15:51:08]   Estado: MULTI
[2026-03-07 15:51:40]   Eliminado exitosamente
[2026-03-07 15:51:40] 
────────────────────────────────────────────────────────────────────────────────
[2026-03-07 15:51:40] [12/16] Job: MON-DEV_WIN10_RECOVER_TOP_ETB
[2026-03-07 15:51:40] ────────────────────────────────────────────────────────────────────────────────
[2026-03-07 15:51:40]   ELIMINAR:  MON-DEV_WIN10_RECOVER_TOP_ETB Backup_1
[2026-03-07 15:51:40]   CONSERVAR: MON-DEV_WIN10_RECOVER_TOP_ETB Backup 1
[2026-03-07 15:51:40]   Fecha a eliminar:  2026-03-04 04:26:39
[2026-03-07 15:51:40]   Fecha a conservar: 2026-03-07 03:02:05
[2026-03-07 15:51:40]   Tamaño a liberar: 324.49 GB
[2026-03-07 15:51:40]   Patrón detectado: Veeam
[2026-03-07 15:51:40]   Estado: MULTI
[2026-03-07 15:51:45]   Eliminado exitosamente
[2026-03-07 15:51:45] 
────────────────────────────────────────────────────────────────────────────────
[2026-03-07 15:51:45] [13/16] Job: MON-DEV_WINDOWS_CRM_EXPRESS
[2026-03-07 15:51:45] ────────────────────────────────────────────────────────────────────────────────
[2026-03-07 15:51:45]   ELIMINAR:  MON-DEV_WINDOWS_CRM_EXPRESS Backup_1
[2026-03-07 15:51:45]   CONSERVAR: MON-DEV_WINDOWS_CRM_EXPRESS Backup 2
[2026-03-07 15:51:45]   Fecha a eliminar:  2026-03-04 04:31:36
[2026-03-07 15:51:45]   Fecha a conservar: 2026-03-07 03:36:46
[2026-03-07 15:51:45]   Tamaño a liberar: 165.65 GB
[2026-03-07 15:51:45]   Patrón detectado: Veeam
[2026-03-07 15:51:45]   Estado: MULTI
[2026-03-07 15:52:02]   Eliminado exitosamente
[2026-03-07 15:52:02] 
────────────────────────────────────────────────────────────────────────────────
[2026-03-07 15:52:02] [14/16] Job: MON-SMART-GWSBS-QA
[2026-03-07 15:52:02] ────────────────────────────────────────────────────────────────────────────────
[2026-03-07 15:52:02]   ELIMINAR:  MON-SMART-GWSBS-QA Backup
[2026-03-07 15:52:02]   CONSERVAR: MON-SMART-GWSBS-QA Backup 1
[2026-03-07 15:52:02]   Fecha a eliminar:  2026-03-03 04:14:53
[2026-03-07 15:52:02]   Fecha a conservar: 2026-03-07 03:24:57
[2026-03-07 15:52:02]   Tamaño a liberar: 49.68 GB
[2026-03-07 15:52:02]   Patrón detectado: Veeam
[2026-03-07 15:52:02]   Estado: MULTI
[2026-03-07 15:52:03]   Eliminado exitosamente
[2026-03-07 15:52:03] 
────────────────────────────────────────────────────────────────────────────────
[2026-03-07 15:52:03] [15/16] Job: MONT-K8S-SOULAPPS_QA
[2026-03-07 15:52:03] ────────────────────────────────────────────────────────────────────────────────
[2026-03-07 15:52:03]   ELIMINAR:  MONT-K8S-SOULAPPS_QA Backup
[2026-03-07 15:52:03]   CONSERVAR: MONT-K8S-SOULAPPS_QA Backup 1
[2026-03-07 15:52:03]   Fecha a eliminar:  2026-03-03 04:01:58
[2026-03-07 15:52:03]   Fecha a conservar: 2026-03-07 04:11:48
[2026-03-07 15:52:03]   Tamaño a liberar: 65.62 GB
[2026-03-07 15:52:03]   Patrón detectado: Veeam
[2026-03-07 15:52:03]   Estado: MULTI
[2026-03-07 15:52:04]   Eliminado exitosamente
[2026-03-07 15:52:04] 
────────────────────────────────────────────────────────────────────────────────
[2026-03-07 15:52:04] [16/16] Job: MONT-SOUL-PROD_NEW
[2026-03-07 15:52:04] ────────────────────────────────────────────────────────────────────────────────
[2026-03-07 15:52:04]   ELIMINAR:  MONT-SOUL-PROD_NEW Backup
[2026-03-07 15:52:04]   CONSERVAR: MONT-SOUL-PROD_NEW Backup 1
[2026-03-07 15:52:04]   Fecha a eliminar:  2026-03-04 04:45:48
[2026-03-07 15:52:04]   Fecha a conservar: 2026-03-07 04:23:13
[2026-03-07 15:52:04]   Tamaño a liberar: 698.98 GB
[2026-03-07 15:52:04]   Patrón detectado: Veeam
[2026-03-07 15:52:04]   Estado: MULTI
[2026-03-07 15:53:09]   Eliminado exitosamente
[2026-03-07 15:53:09] 
================================================================================
[2026-03-07 15:53:09] RESUMEN DE OPERACIÓN
[2026-03-07 15:53:09] ================================================================================
[2026-03-07 15:53:09]  Carpetas eliminadas: 16
[2026-03-07 15:53:09]  Espacio total liberado: 3.65 TB
[2026-03-07 15:53:09] ================================================================================

[2026-03-07 15:53:09] Log completo guardado en: /app/logs/veeam_cleanup.log
[2026-03-07 15:53:09] 
 Operación completada exitosamente
